terms,altnames,qtlnames,phenotype,formula,df,Type.III.SS,LOD,X.var,F.value,Pvalue.Chi2.,Pvalue.F.,modelLod,modelPercVar,est,SE,t,chr,pos,maxLod,lowmarker,highmarker,lowposition,highposition,peakmarker,,,,,,,,,,,
10@10.0,Q2,10@10.0,Lutein2,y ~ Q1 + Q2,1,250.266134,4.78,13.53,23.46025,2.72E-06,3.73E-06,9.26,28.51,1.44,0.29640093,4.843578,10,10,4.78,S10_670699,S10_4811956,5,20,S10_1493293,,,,,,,,,,,
2@45.0,Q1,2@45.0,Lutein1,y ~ Q1 + Q2,1,261.3449829,4.97,14.12,24.49879,1.71E-06,2.37E-06,9.26,28.51,-1.48,0.299157978,-4.949626,2,45,4.97,S2_4286577,S2_14749096,35,65,S2_6843380,,,,,,,,,,,
10@55.0,Q1,10@55.0,ACrypto,y ~ Q1,1,1.11452194,3.04,10.44,NA,1.82E-04,2.11E-04,3.04,10.44,-0.10,0.025089259,-3.817874,10,55,3.04,S10_56744957,S10_58070085,40,65,S10_57750536,,,,,,,,,,,
2@305.0,Q1,2@305.0,BCrypto,y ~ Q1,1,0.02468808,3.79,12.84,NA,2.95E-05,3.54E-05,3.79,12.84,-0.01,0.003275234,-4.290432,2,305,3.79,S2_72882731,S2_76796292,280,340,S2_74972257,,,,,,,,,,,
10@10.0,Q2,10@10.0,alphabeta2,y ~ Q1 + Q2,1,5.55373964,5.10,14.61,25.19428,1.26E-06,1.76E-06,9.10,28.10,0.21,0.042615747,5.01939,10,10,5.10,S10_670699,S10_4811956,5,20,S10_1493293,,,,,,,,,,,
2@60.0,Q1,2@60.0,alphabeta1,y ~ Q1 + Q2,1,5.51557762,5.07,14.51,25.02116,1.36E-06,1.89E-06,9.10,28.10,-0.22,0.043215696,-5.002116,2,60,5.07,S2_6843380,S2_14749096,45,65,S2_8423718,,,,,,,,,,,
10@0.0,Q1,10@0.0,LutRB,y ~ Q1,1,363.0932,3.71,12.58,NA,3.58E-05,4.27E-05,3.71,12.58,-1.82,0.4299476,-4.242105,10,0,3.71,S10_635046,S10_4811956,0,20,S10_635046,,,,,,,,,,,
10@0.0,Q1,10@0.0,ZeaRB,y ~ Q1,1,718.9574,5.16,17.07,NA,1.09E-06,1.38E-06,5.16,17.07,-2.57,0.5059976,-5.072139,10,0,5.16,S10_635046,S10_1493293,0,10,S10_635046,,,,,,,,,,,
2@290.0,Q1,2@290.0,ZeaBC,y ~ Q1,1,2284.7735,3.50,11.92,NA,5.93E-05,7.01E-05,3.50,11.92,-4.26,1.0346052,-4.113638,2,290,3.50,S2_66955986,S2_76427244,240,315,S2_73375802,,,,,,,,,,,
2@290.0,Q1,2@290.0,TotBC,y ~ Q1,1,17616.4373,3.21,11.00,NA,1.20E-04,1.40E-04,3.21,11.00,-11.82,3.0068763,-3.930272,2,290,3.21,S2_66955986,S2_76427244,240,315,S2_73375802,,,,,,,,,,,
10@10.0,Q1,10@10.0,GAE,y ~ Q1,1,0.2022553,3.80,12.87,NA,2.88E-05,3.45E-05,3.80,12.87,0.04,0.009493144,4.297195,10,10,3.80,S10_635046,S10_4811956,0,20,S10_1493293,,,,,,,,,,,
1@105.0,Q1,1@105.0,TKW,y ~ Q1,1,452.1311,6.95,22.27,NA,1.54E-08,2.13E-08,6.95,22.27,-1.97,0.3294742,-5.984588,1,105,6.95,S1_6666029,S1_13444316,85,120,S1_7953720,,,,,,,,,,,
3@40.0,Q1,3@40.0,TKW23,y ~ Q1,1,416.2847984,4.87,16.42,NA,2.19E-06,2.76E-06,4.87,16.42,-1.84,0.375115316,-4.915877969,3,40,4.87,S3_1441117,S3_7724286,5,105,S3_4244979,,,,,,,,,,,