taxa,PC1,PC2,PC3,PC4,PC5,PC6,PC7
PI17548,-59.6566306558567,-37.2228007079012,88.8996863523132,-104.848736430613,28.8790594765056,-75.213055291741,20.1033544977248
PI24969,95.7141553058332,-146.49071018197,85.8508822869704,38.4342834981735,-39.7646708818561,108.471595976528,-0.365095013235023
PI267573,9.42939016032478,-43.6365413101101,9.90649847252725,52.9858672056957,34.1827182535955,-7.42120059350325,-30.4582915211536
PI276837,126.105240920577,121.350983951502,-21.371184824733,44.4553822290172,-19.0689606650459,-24.0256246426366,53.7489856507087
PI291234,26.6346577082484,-116.29258902877,46.20832829775,109.827461206386,8.34234014853928,-91.2448135235389,-1.42388058122952
PI291235,27.1217092318093,-137.031808141301,55.6837084533595,117.064823942806,10.2732095049063,-106.163305411756,4.61033625346108
PI297130,80.6016168479927,106.731439557471,-31.3975147581478,85.940381845736,27.5609971927878,-16.504261821858,-23.7711759914701
PI297171,-10.1406881693732,19.4363389765275,-39.2070356580273,19.0995390472006,70.4741664130351,-16.1077879197472,-73.7726341525648
PI297245,99.5341503638533,113.720136456047,-35.6675394135262,101.071361156225,12.3055649984664,-23.5648154786865,-17.3129763784424
PI297247,-61.3111803355303,38.2787815136715,-36.1721581020533,35.4408106706157,26.4766460795108,-32.8519350350424,-81.8669682163033
PI329435,19.6382174464293,46.1506417027816,9.47672909592209,-44.9594427393965,-82.3112924105103,-24.2354733719957,15.092194365457
PI329440,-50.6320351697175,8.27907682020307,61.3754918567925,-46.6218423185392,-79.9142035993636,39.6189896949109,-18.6088890561663
PI35038,-144.68360227835,30.5046145612069,53.4959524184518,-104.627993789275,-21.5167665350877,-29.8271524297656,-27.9209140126125
PI457747,17.6758014907132,-86.7018385488124,23.4267023758613,97.7045590874308,-10.8157424941505,42.1787734328357,-36.106200242112
PI505722,-65.9497263374999,24.152557973425,1.44025046903831,-64.6686925014438,57.0056423629621,-38.1508714030204,-83.1324696228185
PI505735,71.1179232596378,98.3278449137729,-30.4526899236956,77.5766266124151,17.6550867739043,-23.5617163363444,-23.86273084886
PI506069,46.2492753659768,-69.6838044281934,-117.858361508694,-64.1302234729464,81.6775994943629,-12.94170175207,27.2810335539306
PI508366,49.8282962826774,-72.5227333868461,-124.83530762386,-78.6823551119877,103.164367077696,-4.91674848558436,47.0839767161072
PI508372,73.1179450742229,77.1464015338618,-44.6309177040616,96.0102551128307,46.0716360035151,-10.1328848306409,-47.6182220961103
PI510709,-133.083985960807,21.6993222721426,-3.1563197324189,40.0323016574442,12.1436739663608,-9.64737279811802,-11.4046235455264
PI510757,41.5304120420057,-11.8154035284264,-22.5287213155194,77.6709472599542,26.9481195864922,-10.5095985790408,-57.0101165076658
PI510904,-242.078039925453,64.0383990274492,28.5326072944603,61.8538679387561,54.2404247307051,34.749046392462,54.443950159488
PI510907,-255.843379721556,66.0115471962948,33.5588263836732,57.6235747779886,58.3641147623462,37.0577702074145,59.6523795580236
PI510917,-79.3271170586063,-56.4555694984657,-76.2618877084642,41.8129900386072,-78.5462259958707,14.9412723313184,-20.3633530539918
PI510918,-154.456002202981,0.681919070592013,-20.1429388001219,45.2961494668263,-19.1699342245642,19.5442337124588,6.16089403625011
PI510921,-212.494740465318,48.8812314940971,23.1616268716402,44.6465534558479,30.6528612393207,9.65707496563759,25.10441222609
PI510922,-237.100161723153,62.2166439220841,27.7406838034122,63.9293445670212,53.6921671644143,32.5630443847576,53.3806907220666
PI510923,-200.046616855881,55.8004386218351,18.1990542714925,58.6138068019764,36.3412098606698,24.0928115072345,37.4744942759067
PI510924,-264.215638931897,67.6057226787679,34.2868123766655,64.5034843708472,62.6804972923131,39.2220225313158,65.1782166147441
PI510925,-264.563610230811,68.0162161836272,35.906786404463,61.7849385425815,64.1628419577396,39.9675481088806,67.2486480626309
PI510931,-263.562991438982,67.6633722761158,35.3889925721722,60.4088747781114,64.1100735364168,40.6279829396115,68.0740910760697
PI510932,-212.157573303566,50.1471804919892,26.2857001680701,26.2586616150981,22.0614950979742,-10.0181173960903,5.18336281784411
PI510933,-207.015613956726,49.0657562943607,20.2442177135756,33.3430804433937,18.1966889103656,-10.392968727933,2.63198338436868
PI510934,-244.241171888759,59.6016129050945,28.2109667354395,47.9734689500843,38.1897257512676,22.3631973782375,38.2725802300034
PI510943,-224.542052039166,49.7316634421668,27.0894908971389,32.0326468056947,29.359059034902,-13.7142390453495,1.78555232314675
PI510944,-214.593806837436,46.5445167835562,24.1253849240955,33.3032951171304,24.6778259944112,-13.4742195321865,4.31611085803167
PI510945,-207.118339247765,45.4737344010643,23.4762229731592,28.9085532203027,24.5731102688683,-14.7299918912761,-4.85028884966465
PI510946,-233.000953376052,61.6521053627014,26.3334902133972,63.3600702924401,51.1322889577266,31.3443028837198,51.6234537573977
PI510948,-215.994641854386,57.402144953868,23.3202346071973,61.6272689923881,44.5808767539982,27.9597781563306,45.0408039941918
PI510950,-217.907948696705,54.2748824954035,22.6733411488426,55.4046525929981,41.0373026524804,23.3261219962192,37.2224234425588
PI510951,-252.597312902643,66.2726233037997,31.6589305348376,62.926085947443,57.5758952963148,34.1905820218924,57.4509295986165
PI510963,-210.760839563816,43.5316093030896,23.7610578349129,32.0017717526652,17.6743852339701,-4.02465025302752,2.45537518317011
PI510966,-226.134533140644,49.7156964323775,29.1992273617794,29.2436849010214,29.9792624214514,-9.83761664401553,9.98471695003829
PI510972,-220.851720595001,57.5773588229038,22.6461546610712,62.2016806616893,45.6774336674732,29.15366435947,47.7951778993192
PI510974,-171.070363079307,12.0872897313749,38.6180296768906,47.2714173764009,-7.57672877210913,18.191791893396,-4.03176784276346
PI510975,-214.541222402713,47.9219963322343,25.4871700952326,34.9401922590105,34.0511754037359,-15.5037811053498,4.48229980870449
PI510977,-250.908983376885,55.7969568181377,34.7998871787704,52.7652330508309,52.9934638752204,15.2367495975787,47.8278645641529
PI510978,-116.140355644951,27.8245551161959,-24.5603732618828,4.85540608494118,50.2405034285444,-39.7246166083975,-106.94975092952
PI510980,-134.41115066485,32.9179105475695,-15.7821151188134,7.08051070236363,61.3028701321616,-36.0107603449617,-95.9184388633359
PI510981,-228.901252576884,51.4069478774639,24.5478567736553,28.1021945263055,29.4596667810049,-13.2585239147241,3.83287985738421
PI510983,-114.788337718991,22.9800321602353,-23.388135743971,0.61558366254012,51.9139505679169,-40.8041593216444,-111.811168682631
PI510989,-210.831718965959,45.4469001788199,23.6655147085959,35.4259459636232,33.4047226843669,-13.4957535559957,2.21114733503558
PI510991,-261.543084768708,67.1462720878341,34.363616426805,61.5465027266063,63.0409012264317,39.4036389378883,67.3227656808289
PI510993,-232.700313002498,62.084905202595,26.4495101357423,62.7478276235956,51.5223968313698,31.4353242886747,52.4981473277283
PI510994,-241.867341685614,63.1723734593449,28.9760032355902,63.7389185666256,54.3749553503201,33.1041386956415,56.2675917118007
PI511002,-223.978721232231,58.7549962620761,23.4585032786445,53.3889055641885,43.0684715478452,19.7680332572599,33.7817658197619
PI511011,-219.276648309682,56.8365239385539,21.4979608636263,58.1635073266146,43.1953900037126,25.616414953056,38.7185906128398
PI511015,-215.817932346611,50.6087580480881,27.6837784661264,42.1747751331249,28.699726992129,-1.18238092988872,15.7692907847376
PI511016,-259.501334062226,64.9835427209583,32.6247579043041,61.47131174808,59.1767832222127,35.3020888758308,58.8658277100192
PI511018,-224.931192685798,49.2658515062929,26.7816731316535,41.3878211032833,32.9012154978021,1.41228326121042,17.9202415652041
PI511019,27.3455148086045,-119.118796195674,61.546165256111,107.70550807289,12.699952351814,-81.0310355202014,-1.04085951785752
PI511020,-247.007250365708,63.8917481969754,29.7187889078221,64.540153657916,57.1655374464907,35.1084575825415,58.2016919556253
PI511257,83.221836265149,73.6766575804119,-24.1527050472341,115.522979991439,36.4544546592827,-12.4054702337467,-61.1112366677452
PI511258,24.0149180255565,-114.17432635364,61.9397939206029,109.901389441331,1.74336922184816,-22.9477404599681,-10.7068025234023
PI52606,-199.834174320128,34.8735082740285,5.56825893730941,-20.5627015310836,-92.0243809153505,-7.00528463036115,-41.0093605290461
PI526150,17.4564537174352,-42.8244521182465,-118.13833170758,13.6181152475082,73.3360892977039,-20.9867413188908,-8.10004917569404
PI533750,64.2582457821206,-122.90568109338,79.4543234752847,25.8439263087762,-14.7443940163677,81.9344061770443,10.5939086995441
PI533752,101.293019874753,96.5680072813298,10.949031838398,-4.09517276155093,19.3507269205341,19.704087226972,-17.3041465751813
PI533754,80.442525026182,-106.505195552091,53.0027501084188,-32.9824414761651,2.90851829294898,34.2046689806892,31.5548916207742
PI533755,103.777963063293,-2.56112183802642,18.3256991153879,27.4480805539185,35.5616181268943,18.8165457820601,-93.9943796972181
PI533757,103.836181602945,109.425553234332,0.18420736649119,25.6589368972323,-5.85073715599685,-5.20769128884132,6.33500264576508
PI533758,126.799161966744,111.5553535175,10.5785034309574,-1.39949827308902,-15.2508893476093,4.55197960334867,19.1084830103756
PI533759,101.324012789709,90.0177032280893,0.456961881653218,25.8518455206369,10.5835030036961,13.9910581121501,-23.0981176633437
PI533760,122.834772917458,106.578771419894,-6.57021110495662,26.66099703042,-13.6278262170338,-11.5847640789522,19.7402679960676
PI533761,84.8115057086282,40.8061579422815,-4.04486772478551,9.31274125264532,19.9484329327631,18.8508078770873,-41.438551164562
PI533762,89.9605014532332,29.9606647508399,4.37736179432101,-9.04634772983035,26.4962483995904,36.3706573513987,-46.6902109613117
PI533766,40.5744586737782,-71.2635210711819,-118.456885807355,-74.5135582919995,75.6403566791006,12.6083981454467,46.597692210454
PI533769,111.537425218382,57.8874074129142,9.22150138537801,-0.884565084713309,16.4294702279497,21.9259626079353,-19.7953878280399
PI533776,53.6763011953593,-95.5100899867262,-143.039910169589,-64.8493154935452,40.8723662156682,15.9065438910782,74.1876761004811
PI533785,38.0587680494474,-81.6844264055251,-113.060251209597,-101.692013246113,70.6893027168422,21.675174760878,62.1128038070173
PI533788,78.9742644868772,-4.01002196649848,44.5865453853001,26.6533539394943,26.9376381329465,-13.7276237098986,-33.2989723386357
PI533789,80.1890684363627,24.8325929885102,9.39126729149165,17.8243618280265,12.199260746455,27.744270846042,-42.9556578428239
PI533792,154.937189943855,133.972836862386,5.76885593443175,-2.77289354286138,-41.1639480113852,-12.5679121296516,93.7337590689225
PI533794,121.847627883855,121.669937686142,-4.12083262601576,36.1612724564977,-28.3262492969792,-10.5623648132599,50.2464028337779
PI533799,164.203692951046,158.497869979977,2.14559901397308,-2.14039977766147,-41.9913167706707,-10.9077366908143,93.6751252956174
PI533800,152.626688535082,92.1172088173361,22.2666862119935,15.3821677676615,-19.0408690823694,4.28513795563883,54.6576096336253
PI533807,109.666562516806,81.0438810072481,-4.84711121637077,4.4835426838925,25.9441094225156,13.4852176784957,-13.5118679581915
PI533810,42.2535462517075,-117.468965544549,95.2637537297122,46.4767755025803,-9.74197387492657,-86.664444458257,33.0643203975977
PI533814,63.7559689116567,-142.459375195268,103.884773293734,28.0026579629481,-6.53755878084119,-102.712787994015,48.2699519859297
PI533821,7.3325677139333,10.4991599819326,4.14047349758808,-71.8319975749611,51.3186908727382,8.96553843478146,-55.7786164032378
PI533822,67.1661074610113,64.0340505099847,-11.5587710279034,2.70802432420446,27.1462722584162,3.06888467518161,-32.2751891549256
PI533824,41.5540928420384,-63.5361950346455,33.9977330303786,-17.5727883949547,34.8640793099961,41.9831233781433,-11.8682707279571
PI533830,73.7296221033987,89.1348576824989,-32.9463061969903,85.48395259724,20.4347516413532,-13.2657031721027,-36.7717865051086
PI533831,-148.520486755531,62.8765862400851,46.8261061995035,2.58198416896593,46.6842357769172,38.2792000649888,55.6727759639667
PI533833,117.726772028946,102.234036094042,3.17288926429002,10.9955239648094,17.9651859662587,4.67883130606847,0.235264087448346
PI533838,70.8952127700387,5.48902580842023,-39.7004599070847,-18.6641137805483,7.9717274383235,51.1611489825098,-7.21573589848657
PI533839,-11.6331986373406,-72.9308840203278,-66.6812757577797,-44.5162570710272,84.5169523302559,-3.2108583704133,29.6476546148012
PI533841,48.7131716855012,-32.1251701046318,-81.5687428985331,-51.6010125363543,61.3450105734483,11.5273671101696,42.6799287885764
PI533842,67.8390180612803,-148.662711996245,128.480425869253,23.3252966398522,-9.03986520039135,-106.164149446912,51.8364666664897
PI533843,-11.6103277918249,-40.383808629595,37.3521602689977,-53.7716848054271,15.9520441901375,-51.8711479315744,-25.6609719258903
PI533845,-45.1315485821455,-6.35808196434792,22.9673138578754,-77.0249747348607,34.7994881772271,-38.9905443465327,-54.3490671432843
PI533852,52.5374496452767,-124.56568922093,101.372418249549,5.06608803635232,-3.37472809246281,-72.9801707571613,40.2121344862008
PI533855,-35.0942352412437,-16.520481014034,37.9662946583319,-65.6910556930632,33.3422817848928,-35.3068222815156,-56.6929058639796
PI533856,49.3922070431901,-133.267553076558,116.311639425818,37.6751261037466,-11.0775107605834,-114.81068206563,34.7365726105525
PI533863,49.8898796940256,4.3107745265935,-2.00254901313389,-13.4065649977754,6.76015488793276,28.6049477399617,-35.0544458339724
PI533866,70.400146652844,-47.9010047453224,-48.3442109439469,-56.4928865630251,7.42322598100913,30.6240139940665,33.502523924612
PI533869,-60.0884011749972,20.0413400240288,0.579612121853115,-67.1489437671074,39.6403558018025,-21.0983798140976,-66.9356718970542
PI533871,41.0000625401568,-48.8588093905475,-92.7732118161195,-62.0344127964343,71.6314525135952,6.95407028262674,37.5895444598522
PI533876,54.7365401395108,13.5746485724307,-6.88129463581179,16.5236091816513,22.1277271229083,16.081317121176,-25.4801681577412
PI533877,55.5716087288907,-100.962269603155,-142.963086212331,-58.2760854681127,30.773343428923,13.5059419566307,64.5260590175662
PI533878,13.926199538215,-82.8033991015224,-155.931309386129,-25.7814160980857,10.3773528872092,0.393194035794737,30.5399302051069
PI533882,48.4513194195975,-66.7284511018914,-121.50049402777,-16.0586547140266,43.3543834473942,9.11631205888989,20.7991087097618
PI533901,70.0183649746837,32.7382058357449,20.2721348601841,-11.7481264351846,18.8101194260365,11.9010100920077,-46.9506913229424
PI533902,41.3938319680516,-71.4699281943271,43.9970505909466,-22.0643956569486,45.6120762615984,32.2591934775473,-25.5521608344078
PI533910,68.3988325679351,36.632501127508,13.8197677044203,11.2514741238277,-10.8503770689898,21.4750335975367,-44.1741648908517
PI533911,82.6383688134835,39.3214109066996,-3.68744839286888,6.98880381435275,-4.74400511696903,18.2598355439815,-16.6754456736771
PI533912,83.3555939991382,45.411558175328,17.9275492633492,-32.6845488535573,24.6049680624424,30.5645116626526,-52.849759554338
PI533913,34.7147050169621,32.2164800770498,2.10885251803482,-71.7066035343049,22.4702426365565,7.03274248128434,-25.4152179277481
PI533919,59.4991207300505,-100.776479904209,57.0330544356511,11.2196686585073,11.9898126443863,57.70451743038,-1.862551981227
PI533924,26.9034855533722,-71.2822575314012,47.418819787279,-52.7767557067585,31.7395387417268,36.3627017631938,-2.89216428479081
PI533927,-20.4478572697901,-7.6925332552247,21.2732769410199,-79.4808503683459,57.0731195696913,-12.1996120103418,-45.8273584380065
PI533936,-116.160770007367,9.54161597107151,30.6333590065929,-52.1350210184912,-34.7724470337109,-14.8796428609421,-22.5876924857053
PI533937,-168.831166854488,37.5273341562408,63.98928164092,-93.8282457042396,-41.4866938594477,-8.89386239160859,-7.31084518059492
PI533938,-17.3649388215775,-8.98463192139225,15.1101016478082,-61.618630239353,16.1910454807856,21.8812431994609,-43.9109755680781
PI533939,35.5645710312365,14.4614166602492,6.67842779662665,-23.5777638694129,10.6740755002393,9.14161315568373,-25.9861047865224
PI533940,-112.048762875617,-8.91440421303775,58.6161759210575,-65.3659763747225,-15.346507726871,-26.7108719666037,-7.38438591024521
PI533943,7.01875126786778,-104.390453400796,105.654526598567,-29.4198152643399,-32.7354093710725,-83.9506906745795,32.3298849669506
PI533948,-155.060340798672,23.4619748552562,35.9399475291706,-115.129744939698,-100.169693559605,2.63527045720949,-35.9267918934642
PI533955,-149.268603330028,26.3009971304126,49.0592667557714,-56.8749351155589,-26.9078713991132,4.78605961523537,-4.97554620609042
PI533956,-30.0617949622018,-6.03539907391793,19.0245498019244,-44.8239981513768,13.8062708959293,-10.8855875667081,-19.4707146313115
PI533957,21.9820332566027,-10.5022593034821,-2.81278645788476,-49.5897664979767,36.8627315174096,29.9267158776444,-24.4565954671901
PI533961,110.374523785336,118.671620688438,10.6898620905178,14.4681989401062,8.06749559988186,-0.668099416947915,-38.4966955668382
PI533962,139.560475280318,116.283574256358,10.226175528451,-2.11117689552645,0.0764043244023953,2.2445832271795,11.2721113876581
PI533964,128.065059754888,112.631390049308,-1.47678581214422,14.984619363044,-7.58698656643357,-8.64540644483417,26.4844796961506
PI533965,117.757304754767,97.5361928685984,9.03156482848468,-12.8433263859635,16.7593231609448,2.2385642179418,-7.6656231317532
PI533967,140.164117204989,115.338318260883,23.995673882846,-10.5628293250824,-8.49071150643965,-7.14291819784919,24.4159567015045
PI533970,117.332353918362,110.234737509284,8.76883861686432,4.46158239007438,13.7084162486656,2.19030203600126,-5.73605214927323
PI533972,132.264304458188,127.363202517603,7.40869771382173,6.56404099152926,3.74340001673365,-0.804944265304814,-3.01314007686789
PI533976,101.693856434199,83.4592017339158,8.20317002712506,0.252636819880773,12.8481032598656,9.09360112613413,-28.8490577440969
PI533979,-152.042470252411,23.8196502482129,38.5363136480681,-71.0792841309009,-73.7999986492457,-9.86249356612405,-44.3988009805745
PI533980,90.5154977779954,44.0706612166542,5.38834182353231,18.7818862183679,-0.747114815661116,3.87620977430788,-31.7745709196716
PI533985,102.362641949729,81.9256672132674,1.5807705378108,22.9780158349047,7.76908546413997,15.7374707159106,-16.0623661263498
PI533986,108.220410808546,61.0719770718863,13.0591500933331,-8.10156396763455,17.0853266232942,25.2722005146004,-35.5831249363425
PI533987,93.5252366421644,35.0667488456808,0.957507796328046,14.051111467753,9.40320532534497,21.3784643343533,-35.5159869732902
PI533989,106.417002050652,99.119176074433,-2.40525264006774,22.7139360268461,-11.3827564676812,-3.75118117635104,7.52258973880668
PI533991,112.5636943103,92.0050732516796,20.3796750596218,-4.27412736371501,-49.9096509451192,10.8019054826835,44.021658056429
PI533996,81.3388912221261,21.9376343008693,16.6605423586529,-9.85985132421569,1.6137800075693,7.40268113635013,-18.4900145464057
PI533997,-21.0233878377161,-8.93928121069055,3.26183650354831,-73.9571194944979,25.0256836644287,-3.621544876287,-39.791117410608
PI533998,-97.6586442494067,1.47886037587556,45.3994381421566,-51.9915451776268,-15.4245856198374,-27.8513620515869,-10.9114381821914
PI534009,52.2932953454656,-111.473833794616,81.0278896830935,-1.23818689220783,-9.88240504796235,-86.5415973226587,20.0340819970935
PI534021,42.5830984132489,-111.67606864857,87.2950054900054,45.3884344937069,-9.03190010652193,-92.3605014570069,26.9530628737444
PI534028,36.495350615918,-116.634612227155,108.227510942777,19.5612417474622,5.34334824653185,-93.0814673511092,21.0478208837783
PI534037,5.90032446732745,-42.6111506599128,-33.0493786542385,-106.684623012448,48.742846195884,31.7359208377697,1.85618094603851
PI534053,111.924313611033,27.0019255155252,33.5346670401051,-30.2457820129334,17.2281784443245,21.3140755325481,-41.5165846186254
PI534054,-74.4543368312297,23.5877076947373,6.14352146462231,-54.6149259731865,32.6758393613984,-17.4876689771869,-74.0281963847652
PI534063,56.8712718397015,-82.0712737486628,-106.786962364787,-86.8569968022293,72.2956237940833,12.9372251704742,51.9904450027102
PI534070,10.7108533262024,-74.3266526602182,-152.373773276702,-29.1895386190685,66.3369429408484,5.99530559220343,34.0523192748425
PI534079,72.8891984330203,8.90891547661903,-62.5116708966931,5.37618910358407,61.7414874858958,22.0760255659624,-0.740136477925347
PI534088,24.4312208796361,-106.810741087756,-187.66031505498,-10.5001530822916,11.0890761410864,-4.28132701718722,38.598374647325
PI534092,18.9599295195342,-107.993637120538,-188.630832517674,-10.8163979773113,28.6713634319187,6.5842407474992,46.2353952902848
PI534096,8.31278810025945,-51.4571834019041,-28.0121293988359,-89.555520097269,70.6738908766074,1.74872917553716,26.9462727682342
PI534097,-114.982600788319,8.44365370489815,36.2538336535846,-24.2955319111689,-12.3109737402953,-36.9038377250223,-21.5096640723308
PI534099,121.953012200704,108.968413426359,-0.849381265551177,17.0093751881755,15.8998071132287,5.6497099165344,-38.1353339469697
PI534101,95.2522131190787,67.5227630905763,6.22261066112874,1.52243170756559,1.25543034182728,20.888900758462,-3.23771273786677
PI534104,125.890610261742,55.6253050429787,16.8495206965323,12.0060017768212,37.442974485966,9.05917179147477,-66.1549240737161
PI534105,96.1449330325938,87.1684802787531,15.8859162367816,11.5089132880762,0.922446918216297,24.58300915539,-26.954776799966
PI534108,86.3098829975922,100.748237878789,18.4263776563344,9.7226690445003,7.70734412922147,11.6924899416816,-15.5006517564534
PI534112,125.236994057537,113.489207539987,19.5046832931097,-6.59483241289017,-1.19234799430349,12.5547423713848,2.7596279795366
PI534114,74.2162478248118,85.600870862538,-5.14791314397153,21.5026163083373,3.63071350741152,2.09166312949024,-16.4297788190384
PI534115,156.919729578522,137.838200375969,-4.00733076860117,5.95730885815246,-36.2604699676697,-14.0615397386725,100.125925593627
PI534117,-12.4327179139237,-8.99856471984019,0.20978242902204,-63.2449898275996,30.1589750566638,16.0009187884731,-40.4722927266471
PI534123,39.6183292435681,-58.1179937362158,37.3363836815276,-29.8632463996822,38.5861955608496,33.0190455528077,-18.9327304272338
PI534124,42.1843068857406,-58.9440370319097,33.4664501284053,-38.2909353921509,54.7352770360407,29.1367839664722,-14.6889056242953
PI534127,47.5462165142023,-108.826426297421,79.7696098001389,10.3053223930088,6.94799855147206,79.0218694024886,-1.8493226372547
PI534128,47.8675187008023,-122.752706877819,93.0515296010892,31.3193635647356,-22.1592153252789,98.0984849987092,0.788407971913194
PI534132,22.1742292654212,-85.457664373004,64.5704213312565,41.2954836329475,-17.5556277998175,63.4501735128857,3.79670898949816
PI534133,63.5513649767918,-141.755499915603,101.480029717809,23.86930485675,-16.2244110862328,108.495919972345,36.8818802244031
PI534135,69.4438796147181,-134.85659020106,101.39392554224,18.8870540693378,-11.1640496066658,101.875813326129,18.1640808002433
PI534137,59.2996092138914,5.56648528069546,14.7119132528581,20.4688640421479,33.1106842234327,23.0693325192725,-41.8704399246983
PI534138,56.1453257974374,2.43828323493494,4.29407019668655,-57.6509567062404,50.6515532058537,11.589851235607,-43.4734393488589
PI534139,-4.25059023942559,-1.63990171590846,19.7540565756342,-35.0335701112512,32.8965166054688,-2.44585055441429,-30.0309365860516
PI534144,19.061038808851,-1.95198057393392,-6.54705219529549,-52.9414263611667,58.4600132049686,-4.00764330008364,-58.2929708558174
PI534145,36.688523036248,-66.7713126762597,-97.8271233814569,-75.0972845562776,66.2609257628097,10.5468811311024,35.8464611716688
PI534148,78.1500372057001,-125.788472120613,99.9905780941368,43.6480453468418,-11.6832160699415,76.6718670423596,3.85247484558496
PI534155,53.8765204895569,-103.303362047959,70.1011869133099,6.80420994580084,6.93006828882181,60.2838985121825,0.271550061936481
PI534157,144.866469781779,137.241429631638,-7.81416302442455,-9.34575451187683,-43.7239550364896,-16.5072590965642,99.1604820708222
PI534163,14.6836991914469,79.9337272995437,9.2508234871051,-21.8400622362965,-13.4002525225553,-17.5611288465478,-7.16161782796813
PI534167,63.1155989210168,-112.042209361457,64.4951379413587,-8.70823445043041,-33.5426797613114,60.8739344791013,12.3364814200161
PI540816,57.8210144561146,-4.82137017634891,-60.2020111066374,17.2890918414152,-42.6021624336234,-14.129140623767,9.86967186184769
PI542406,88.4933463602276,35.7959920874778,26.8538189881884,-12.6249880681726,20.7123756706862,-17.8681245103339,-12.2388914864888
PI542718,50.1935008060188,-107.870564902541,82.0252717679772,15.1026858617031,19.0252966055523,-100.131852100923,20.4224434265173
PI552856,-7.88908210489163,79.3500467760749,5.32437059843876,-24.8996213897648,-105.368928763004,-5.02190001032226,21.5391071876717
PI552861,-79.2176426491299,61.9443268997734,22.632555317018,-43.7618045935358,-92.3233235339726,-4.73112793240973,0.231727882996768
PI560493,-248.143532742329,63.8803722946719,28.356514463827,61.4658293921269,53.4847658805375,31.8664273863389,53.4535865541964
PI561072,45.5201546113348,109.676444134144,12.6029761313729,-78.1563912003346,-89.0236651367192,-15.0667663681644,70.3131947325186
PI561073,7.71325790361042,65.7691970472891,-8.15451481883088,-24.239223771724,-32.6894003768725,-27.865944669038,-15.9704960239638
PI561472,92.9056020273443,112.055456024211,-5.75212062781563,36.1192172273513,-22.2413436815488,-23.8396045913582,13.0789555245549
PI562238,40.1837732471252,-58.9619323427943,-6.10683632559974,99.6954799704736,22.3659151604468,-18.018277044278,-45.3997845341808
PI562712,-50.9356953557456,-38.0068519187618,-94.6193718434422,47.2001321694554,-30.7901860945229,-27.1933684177584,-53.4027815395947
PI562730,15.1264276531965,-65.8700827695409,22.9314348742225,61.3511434832662,39.9279114813638,-3.49878145617437,-28.777243182015
PI562777,-35.4839408196398,-63.9438211081894,-166.041375014851,51.1700980297727,-19.8869360527096,-25.1277916774611,-4.93843205196588
PI563068,-68.87308325289,-41.5784739584118,-116.996813217289,39.7879568360308,-63.9910126025811,-15.0410006859599,-29.1191190539163
PI563392,-91.4767863807574,0.767256489591088,-13.015510193263,18.9083574805631,3.40073341589683,-26.0849684308028,-85.8938099473922
PI563398,-81.1354175069909,-44.4774531011968,-129.905496423159,21.8109651777292,-62.4254150368502,-13.3956889349722,-19.1085178666274
PI563409,17.7540501833067,-43.744810849056,-172.111131534804,74.7766950244295,-13.6321716923546,-1.70574618195016,-9.78332290960287
PI563430,-35.4667803203747,-67.9054223461598,-154.811026934236,52.8380609077822,-33.489172422769,-12.2762703190108,-17.0533614163225
PI563447,-88.7878653443896,-34.0434962614188,-121.05195769351,20.1640733650362,-77.7534836283536,-19.8313919576052,-12.3969290955768
PI563448,-89.0602108419545,-41.4125978176292,-127.188616023777,24.0198332320576,-69.8131079456352,-5.66192960627769,-9.61708802806648
PI563449,-102.432135422984,-58.4060943171152,-151.263829157704,20.909234735024,-82.1458480942712,-4.80642461242934,-2.97162559631573
PI563450,-71.4128529785959,-49.302781596652,-94.0653411338107,42.9533258048521,-57.367450264483,-21.3119688434039,-3.46801158327563
PI563451,-38.6890084651942,-61.2390865495693,-149.461203058013,49.0023812721853,-36.5673571130271,-13.7640384111257,-7.40967133575362
PI563452,-41.7849323918117,-86.3454975598602,-177.021790633308,41.9773830442139,-49.3125936081576,-14.9324290474677,1.92682636308852
PI563453,-91.3811743903094,-36.0276571917711,-120.183802102115,28.8557684198953,-65.5430952834765,-12.5778028682924,-12.0278614552388
PI563454,-81.4768182752578,-67.3073848759637,-165.973885692323,21.4731462716588,-69.5657761245482,-5.5953518140231,-9.01725144435288
PI563455,-51.016180165202,-86.1006019702233,-186.476099552164,47.5903297812878,-48.2759111153697,-3.19452287115833,7.82943817386305
PI563457,-63.3756944880957,-80.1491055181006,-183.316107820065,40.1315736545658,-55.321469834154,-17.5766952087489,4.3596159095748
PI563485,-113.82099873244,-44.4227743905232,-95.8546076531334,12.1880800687617,-82.1792984436413,20.3024189496183,-23.6859543072089
PI563638,-25.72170037188,11.2397154256987,-20.1423391238095,56.4601167595248,-43.7907792732582,-37.2175784086206,5.92842303060324
PI564163,-8.90073832850465,82.0115099226798,15.1367652322312,-65.6378236904201,-116.309281477561,-12.427116828798,32.5128990898358
PI565120,70.0906102186334,-2.4339893812556,-3.11207056714948,119.563683479708,13.6115257300132,-33.8160068982245,-5.16708446610844
PI565123,-42.9674688481597,-56.0728190873706,-142.040066075794,63.9999725254703,-62.3912122471677,-12.2285277293047,-15.4727177491925
PI566819,-108.850524374564,30.8681953208419,38.7980232435005,-74.8761924146968,-32.8671149995581,-24.7171593615691,-0.688046429939065
PI569812,3.08345658813561,-83.2199915152815,-199.076885582552,60.1727646588406,-10.435274077056,-9.65940821690141,6.44488355400195
PI576332,-115.70724249003,13.5536589928269,62.2564177952316,-99.2939338708676,-25.6415363794126,-22.8502104678661,-25.6964928749316
PI576333,-157.836200119041,30.0288057626251,35.5662286363356,-78.3698687811193,-59.8818003743466,-14.9823783835654,-33.3818689018749
PI576339,-170.969627508456,36.6623622881074,68.1198990277379,-77.60907730145,-15.273418006674,0.140185599466426,4.35158547964905
PI576340,-172.151828244448,39.0080122205556,63.7725576357933,-103.893220133035,-48.0043020701106,-5.63206997273503,-6.87424646997202
PI576345,-138.438460763884,36.5878383938164,38.4334603746578,-42.9318184754371,-21.8018152424476,-14.7943058607783,-6.32850901353998
PI576347,22.7101226770589,-4.53666869620802,30.1981706480676,-25.6832359300289,34.3948116259797,-1.85044003213394,-29.2251910963901
PI576348,2.31285771191672,-41.3240209630443,38.5179653829659,-51.1021512347963,32.0530041792087,-20.3973869835775,-16.3568529465713
PI576349,12.2067748565648,-44.5856214801508,36.7519022706779,-36.9945143068463,33.7131424934454,-23.2956081510334,-21.8718184194508
PI576350,-18.0429869620832,-18.3427160335226,30.4305552998418,-57.5505729141682,46.8699550495052,-27.669304183717,-10.0822138341727
PI576352,-164.713944443301,35.2235593254863,57.0918911424667,-53.4452219803918,-12.1103870808709,-2.84941381488552,6.26745475321185
PI576359,26.9609301242779,-83.3510234329779,69.1556346525581,-12.5697620169881,6.20807910056228,-98.2819539526884,0.458451165369929
PI576364,-126.370692770932,8.34770228709888,59.8562979047403,-85.6140336442061,-31.5169461990104,-29.6707938181388,-26.9456535927106
PI576366,33.3821184628635,-8.29434250559502,46.5484157565374,15.504482475051,7.62059045910925,-50.6493910467094,-16.0333282357595
PI576373,-3.31913124997119,9.67774409621343,27.0006605342792,-13.5179626992367,-57.8205367413031,22.6561318657469,-56.4669011468618
PI576375,53.0827986546901,-114.700992188835,54.8081351144674,15.8329434679395,-33.0522855007963,80.4533526273175,7.03085310082169
PI576376,75.1560515000454,-124.57897056889,97.7214776058432,30.6081586760804,-17.2399197508867,85.0487727014272,0.381238922736478
PI576380,121.868775404971,118.782888187229,-20.3551738183006,26.823130248732,-26.3424202033814,-7.54659007268966,66.1226991669334
PI576381,70.7598939720376,-134.057448482313,104.859972238964,18.0308538399413,-16.2214058671618,78.3657192063588,0.937557783694516
PI576385,-62.6369242196067,-38.3569732307546,-51.9405515792652,-104.953741811967,-13.3601325351838,38.7883408059828,7.60922959638068
PI576386,96.0882279819725,76.257976084552,7.27281581326538,16.6037544529818,24.0713535804718,10.320836904299,-2.84265208760981
PI576387,130.391804943718,102.506708699542,12.8801376456627,15.9723157454634,7.74210010505807,10.692931072815,3.71854089072368
PI576390,33.1284807915926,-104.749995599388,81.2135371935741,20.7984095372785,-20.249520795531,-69.1436513147159,5.58450414715181
PI576391,33.7636467021221,-100.549598598442,80.3748719154924,40.0877709980631,-4.53999792795719,-96.234732815769,15.077177225075
PI576393,49.1162787628044,43.1794360025404,-5.43588113515997,-29.7182895417265,25.5918035673546,6.42324944496685,-23.0929371492283
PI576394,-111.543197927864,14.3463844416364,24.7713596645582,-44.0704147409693,-53.951080003236,-14.5524544384157,-34.4318497783661
PI576399,17.7894516736485,22.9620831306897,-16.1398651139429,-69.7454450455887,58.9902492896186,11.5855308457144,-45.7298211421266
PI576401,63.0406066980019,-129.836302580586,95.6052794409612,27.3550379220116,5.00584968394538,-69.3806627981733,36.9242521672963
PI576418,34.3173334372543,-67.5863808379657,-125.475509321167,-61.4554991747119,74.2396202432143,-2.03752637162087,41.0466876946385
PI576422,-163.920198050287,38.1707923478617,60.7740917390814,-90.5574287790787,-42.5597050553074,4.69912172955735,-5.35355271814808
PI576425,84.2567490245212,-136.461574712928,89.5151879611515,21.4882425831519,-13.6385404551088,73.1953823940183,17.7735792019581
PI576426,66.0241388256328,-120.879692221012,106.88286909423,12.4478372197636,-28.7370949215949,84.5385698474355,10.7866253395283
PI576428,119.352473488695,114.839952217602,0.661377776512407,12.4671166739073,-41.8247663785715,-2.47422040756115,60.2481525131836
PI576435,78.7052240332567,85.6276987499353,10.4295946156124,13.4051358423596,14.9674147711573,1.17264028131092,-28.7359405729788
PI576437,55.2853841357631,8.40081363247549,9.62422349355178,-30.8723190532144,13.422437159541,-15.5621147050817,-14.8820837567261
PI585295,56.1616547427396,-2.91643458880949,-80.7272923892363,-18.3428866679364,-59.0021118221733,8.31636139231758,39.9104148325629
PI585346,-99.162760853014,-18.859045309855,-79.8770186153365,25.1036600610198,-70.9844917045649,-8.98698781132122,-26.032672782656
PI585347,-73.2525307309275,-82.298357170601,-148.31241032798,49.3799878800494,-80.380993094389,-1.60494176567503,-3.12827749933568
PI585348,-63.4777084522161,-61.7547866040634,-136.476081527055,56.95949153004,-61.8354596119227,-24.948323077834,-12.5509063125566
PI585349,-137.380929498101,-13.3201699257088,-62.4344149931891,34.0570698436937,-23.7871287018684,-17.052069456131,-13.5199888549654
PI585350,-86.1352184397874,-38.4922424428309,-55.5355565434664,35.3227458210055,-69.9632634397648,13.6398107625018,-24.3399742747407
PI585351,-74.8456925912819,-63.1402945834754,-117.687686897428,52.2498453823629,-71.6480516294113,-14.5740017157311,-28.2555046109182
PI585353,39.8628884238005,-91.7195966334114,10.5979221051045,107.468557134347,26.2582895852903,-10.3687341360408,-39.3150929168127
PI585355,-88.1548647702343,-31.8798061803678,-86.2851064254375,30.7574407303858,-76.456461576452,-0.176233955213483,-29.0185320465175
PI585359,-48.5207746481995,-63.5460873385088,-133.819027385497,51.1410565162555,-51.309119465516,1.14898005135442,-27.8676068835385
PI585363,-82.1457379574319,-23.9318092840383,-97.4644419217774,45.5522720670484,-77.8770379804943,1.30082153972867,-18.8862700422927
PI585365,-71.477087927818,-42.2804462018477,-83.0963789324735,47.6739194459873,-62.5773812915647,-1.42705823575505,-27.8622408235854
PI585368,15.8698717600094,-67.9236282666321,-122.462440355442,23.0591389481868,72.6083886714079,-16.1703639751794,10.6186655742138
PI585369,-34.3953525822769,-45.4832721581798,-126.546050040196,65.8449204463664,-35.3549824994055,4.65918540241577,-24.1835707042045
PI585372,-95.452686461597,-41.0458001363285,-105.462818050864,32.6683271567306,-56.2096656734792,-11.2514240513159,-13.9823723970525
PI585373,-81.9078296304448,-38.0578536109201,-98.2867084148782,41.017497463013,-75.4472167117668,-10.196413643707,-42.7966379158413
PI585374,-50.8072101562688,-54.7292066822747,-91.1524488215967,52.617791143238,-46.1898039205175,-6.57327212599983,-38.43926047637
PI585376,-41.0884391743546,-60.4107562877238,-40.0866756759997,62.0082617128136,-40.410542101065,-12.0794065989151,-35.8482437237372
PI585379,-16.4995456591536,-110.819606887333,-218.572877407265,50.7297696252623,-23.2316951700126,-11.1900466361666,20.5908545017781
PI586046,73.756273061651,75.6730475930027,-45.7939012372946,94.9259890639034,45.8427221044897,-12.3402911711076,-48.3558696097632
PI595699,44.31044204715,-111.475873131667,99.1619182121239,34.5485206548338,-1.57111556145263,-74.2596044445854,25.3501666122341
PI595702,-147.413472515541,34.3777528571877,53.5270268742122,-57.0717838172622,-5.35910785866007,-0.915297098849029,-3.33771699493973
PI595714,124.414563009311,92.3693859991559,-1.59151957452036,22.1825578743572,26.1678217833854,14.5305557865681,-25.9528134848095
PI595718,99.7000233093636,39.617075094651,18.5278666513353,4.16556428965868,10.9084892639775,12.6444444585357,-46.0030110923862
PI595720,90.7391562467676,-145.965854292981,92.7891131508204,20.6674536594458,-20.4570508928105,93.4744171676567,23.1200190007377
PI595739,110.028565963911,110.333950482297,-2.12589715190218,8.97514183548961,-8.9693999395407,-1.80225881640674,13.6618148642874
PI595740,1.83492744587377,60.3256263716393,9.19942393649255,-18.0261978485462,-8.82638601342391,-24.541436474869,-11.6675587486234
PI595741,-29.6992959936469,-30.8179326896618,-34.5398712357931,-80.8237388943456,48.5514526671941,1.27414153069817,-5.92752123533989
PI595743,-35.3797735944958,-13.6070261116956,13.7082232658603,-61.171149591124,-65.8836704954771,34.9631852226345,-0.250666399346513
PI595744,14.9479729245137,25.6534914388165,-0.080615629096062,-23.9451150118672,18.6489838519485,-13.8912037076141,-55.7754505621666
PI595745,103.592790984413,74.6100359412885,15.1859542509536,-3.87042278337972,7.46069553437769,11.3448520191551,-14.7781841802258
PI597945,44.822710074577,-68.3981974912629,38.0052283781549,24.9085681991041,8.28763917919827,2.04548569725984,-25.0395228401939
PI597946,4.59643911364081,32.9572270403768,12.1699385841402,-4.06853770140059,-14.3193220022047,-16.0081303559221,-26.0395083053267
PI597949,-38.3883697417781,-5.98048617332391,20.9614016738044,-66.9969774720044,32.2783849083453,-46.1608783266844,-50.2228230891183
PI597950,-13.75394755251,-21.7294336019606,44.2091600631846,-51.1571772156062,34.5511563045538,-73.8729175822599,-36.1811469804875
PI597951,18.142892685796,-66.7373081048337,-88.7455095628706,-60.5572329098563,56.7471541947185,10.9353536446481,28.7010978168259
PI597952,80.618977970437,52.6127552976193,21.0382964039875,-8.48789339704923,-13.0182271042906,11.5899893860855,-22.0163719741449
PI597957,43.325403077915,-108.202491585761,62.7765067639363,9.6490682414371,-38.3451842607141,68.3960320456539,-2.78181208765364
PI597960,25.1063446267054,-52.2753725861099,-117.533378002732,-39.884848833792,6.9203200359451,5.75423382447593,27.8361008098733
PI597961,113.011541393564,106.625432877163,-0.645961095807407,5.70131648421684,-17.8570591121148,1.69990528562867,12.6987964321685
PI597964,134.134105148275,131.773815364493,3.44122723578014,2.98306492418549,-12.5599940439528,-7.7203459257371,56.9832183981673
PI597965,147.38385558606,109.58067632321,-7.31031412038189,20.219349196131,25.3268245689671,3.63183296365979,-4.85940580974554
PI597966,122.746558810439,123.520718143638,14.7187137777024,5.54445443631137,11.8138537103705,1.55571555688324,-34.7084070210453
PI597967,139.747984855441,125.59960778531,-4.52918519420866,2.91729305546008,-35.8199729382749,-15.6550152498079,79.1135139354192
PI597968,96.2624912398271,21.6660803870063,42.314377720308,-20.5349565793413,3.08622446718135,8.4354718091349,-31.762741478871
PI597971,77.2178249926757,26.6759567061379,12.6577268640622,-1.51910554126148,8.24989316024388,20.782885621918,-28.9696490337807
PI597972,81.0004949133597,-25.2441308060967,30.3428269493921,2.78934884924964,16.1542093269367,9.36405766643097,-4.3623233721502
PI597973,76.8143103531867,-64.8344995569848,42.1280867238332,5.69600431234446,12.3449974937172,19.0998626687979,-4.61129041606757
PI597976,37.1279628682953,-62.9002697961793,-97.124707344231,-58.4551845270601,67.1024854921761,8.29576788650873,31.8986407241031
PI597980,98.989759552464,75.2119106770471,-25.10609418518,32.5766360160876,21.3173331642585,12.5033986277426,-15.252429736476
PI597982,70.6455592492065,43.9298042922446,5.20806470059438,4.00642655296177,14.1576235625498,20.9210711332201,-50.8036593341543
PI607931,15.3824560460482,55.9722889400067,9.85354449127636,-1.24167037435762,-31.1424625424266,5.29445500655823,-24.5747704190965
PI609456,-6.09691152169366,-42.0138867803255,-34.3412763102752,-48.6082129366831,76.658272096375,-14.9248650907771,12.8010470933172
PI613536,48.8583899576759,-45.0408492638047,13.9971779815313,38.6272345569749,8.17494821409511,2.31328340254472,-21.0387784709638
PI641824,-101.335127600821,-11.9310007298228,73.3259799232241,-105.880845224782,7.97035219636163,-64.0088460075198,-10.1779512427083
PI641836,-156.248724755882,36.657943287987,50.2216590199903,-98.7494660886658,-26.0522972391401,-24.0311516162502,-27.2593770310473
PI641849,-72.4344309287356,-36.8523035529828,72.1108591320157,-61.9547806917682,14.756186436054,-71.4469217617144,3.04766893679287
PI641874,-0.329334432702797,-108.752656194759,80.256792540494,-0.520302487102008,-65.245522661249,89.6008173891473,-6.13728640455814
PI65121,108.987746559773,102.499412778106,-16.0234560610842,13.4432705967071,-34.0183682150934,-13.969756582806,49.9056754408968
PI651492,65.0933909179201,89.3441086502651,-5.5177726647601,22.8089044713166,-3.56036973078171,-24.5446606730369,-1.95317345341593
PI651496,28.0786409448569,97.9496046658366,12.3783974129405,-20.2718693876,-8.31679286823313,-27.3013204016112,-4.89965791400441
PI653616,-11.4223996996242,33.3880514247955,44.3443736454454,-78.5988320226704,-7.91536933042055,-1.3348868725829,-0.346857587428306
PI653617,24.2704515175402,-2.55903140136821,62.8484848147972,-64.1445966946787,21.9355715959556,-4.40590851456929,-17.677650081214
PI655970,-116.36335181353,35.6133637260744,6.27418298454837,-24.1144509374494,-85.6338177454908,-9.89983672622373,-36.119460328842
PI655971,79.7341397551536,-141.329423119538,71.813023986408,57.2494719796853,-36.194042188687,89.0814594737661,2.25774771112109
PI655975,-103.661200032998,-25.1127293141097,49.9526936404805,-59.2967000062564,-114.656673610906,64.9076267487218,-29.7959807526967
PI655982,-49.4636438079994,69.7516854250543,19.918771137299,-68.4968481565891,-120.604597200764,6.53816515814127,15.2793604316996
PI655983,-163.02159419496,36.8018339527334,49.3893385706095,-100.227266568569,-27.0755302999151,-24.4277697613844,-23.7852469341983
PI655987,-120.677968374528,-3.45553568318534,46.6105877030653,-62.3354801529339,-131.052506664439,36.2988073059242,-29.1547751756085
PI655994,109.719116507827,97.175700573535,-7.10362617091817,53.5602329941222,27.7200053915653,-9.39161566897778,-50.0351332572681
PI655998,-45.6564333778797,-57.471095003742,-120.689240634815,-31.1309565402307,-59.7420341609414,3.0420176515993,0.472737793711734
PI656002,-168.458444388179,25.6211634667122,58.517266069806,-112.537835143167,-93.0930875253149,16.4823816552079,-17.7647857703863
PI656004,11.1899903520242,-47.407304071293,-111.717336438143,-37.1351698421429,-64.5268194013541,3.31180130874588,55.1761205837317
PI656006,44.9110203513311,4.82996441303377,-37.9415625741249,-51.8777655544412,-38.2813150224865,0.453575609284384,2.71305161783674
PI656007,59.8528910850409,-16.949345919909,-17.3402066606204,-38.8708661937358,-75.0866026835514,27.3438023193581,18.7486272399252
PI656008,136.658227320475,134.386846169717,-3.13851238087998,7.25972818705023,-29.5801849819024,-29.3915295072538,57.6318261354894
PI656009,104.569029419552,125.493165947061,-10.2648720950291,18.9528572806983,-59.0021470550981,-8.17158984518323,48.9419732117583
PI656017,79.2489248806464,-136.399473752291,71.9679838003216,58.2471644442096,-37.5393531501726,99.1211266978063,-5.40026453758189
PI656021,95.0627550652032,-148.946628858184,88.3398389991567,41.1359223130218,-39.4720988477968,109.182431057801,-0.868744221294184
PI656023,-218.97843092723,64.790668629403,55.3755639547554,1.61712882626509,49.8280391663547,40.7822346621916,73.5348532892869
PI656024,126.382124183161,124.571593057422,-4.00243009063081,15.5875281607256,-26.9676597899115,-20.084180571237,60.1790394973622
PI656029,2.47702322364811,-79.9308827389683,48.2121055440709,66.1161450502372,-41.208580413344,61.9222285785906,-14.1556983992767
PI656039,130.798134989501,131.908453583407,-3.19221587690158,8.63708329468965,-31.1685106235712,-29.8032644260428,59.7372885344776
PI656040,-32.6819613176946,-36.9066108887468,-84.7116261164369,21.5709835315605,-39.2761739203781,-15.0953680942508,-23.3095822996126
PI656044,157.21579432233,146.462233211142,5.9112304642095,-16.0559022932667,-43.159546006069,-22.2830631527248,100.507315473394
PI656048,45.6873500248026,111.945097423828,-3.89672576114366,-17.8715224742101,-69.3488831545559,-26.1920975356713,37.3850381997316
PI656054,82.1117978865284,14.1360848996,-66.6898677300631,-54.4181437051761,41.1186315274643,-21.084743005517,58.9062389613626
PI656056,136.574014557617,118.288202122009,-1.891145880264,-21.9496671300724,-41.6054550285825,-15.351685190088,100.882325228468
PI656057,124.096554664492,108.402727373887,-15.9518525166617,70.5717162548339,38.6677447591879,-1.17242278303014,-57.5198995536318
PI656060,-168.754182106097,27.3449483409982,42.3767217056952,-111.769095023512,-120.473909174853,5.61807465088083,-26.2710399218773
PI656061,-154.034256984764,26.5747601582069,28.336379471655,-76.0415946504132,-94.240831161016,-4.1259027328797,-24.211826314777
PI656062,108.07563406643,96.5748006749235,0.502665457732966,30.3807524866218,-7.92962916702536,-14.1384296153705,-7.31178607826522
PI656063,-23.132812998135,16.0786337584244,53.1880720701104,-66.9632116076603,-110.052451848585,40.8305741707406,18.1437284785395
PI656064,62.8736088974236,-130.050247929429,94.1033319841292,55.5067189491486,10.4112267112944,-75.2832221632031,21.3368268016068
PI656065,98.5796563595538,7.79516154916531,8.84244959648709,42.1310330325561,38.6260826553616,7.59358218539163,-83.3279453864969
PI656066,89.7671928906808,-88.7676174375862,54.7938192637388,-0.0933146808473947,28.6335712609753,6.56618861182496,3.13598331092443
PI656067,64.0594541040411,-134.401764825867,102.949579239942,40.471802720785,14.9293590051835,-80.3862879469937,21.5455861884321
PI656070,121.490434794448,99.7159654511382,10.9088218491252,23.7600916290511,-26.9433713660794,3.5423059985027,38.3850333825286
PI656071,114.302494667193,62.9547071582028,10.7984920378471,4.79252835134861,-4.88306593405727,20.6263856102363,-12.383414532657
PI656072,61.1100898324386,-129.821403439515,92.6810199219032,34.0514827647,-18.5660509309135,83.7020952722568,8.27119541117545
PI656073,80.4110108426438,1.8625761070668,-23.8529942374288,98.1780472510087,52.9163003247722,5.27117639996302,-105.578054882596
PI656074,66.7893561337623,8.15486860313501,15.125632135914,-43.164856443464,54.4189125885904,3.75342850590391,-54.762145296724
PI656075,108.050594966283,112.307760597369,11.6472189279455,-14.9854469690496,-35.5201479491878,-1.64193239008989,13.6539027359905
PI656076,123.40035935892,120.353013298997,-1.80914638668726,17.2653527066561,-46.0612612868376,-12.9558194978821,75.6466472315003
PI656077,77.5917261690484,-103.038003614486,66.4415837436689,26.4382592791557,-14.633106182224,55.9466387032031,14.4252040645082
PI656078,16.7252478758136,-51.9891221452251,-19.4306365022698,-108.601372975415,83.5847924017803,0.255302993400511,32.3981462704037
PI656079,59.7198375453658,-76.3667987156147,-108.064353863725,-112.524184410146,76.1161935250548,13.7010634427567,51.7956455182548
PI656082,69.7129049214692,-126.654857054117,79.7069012914427,34.765883765725,-9.03623685127227,60.2491022489192,0.601588489539918
PI656085,107.217578442113,99.0000283938322,2.33558438269252,9.9342189179457,-13.9284796311726,6.24181307290752,15.3657536174224
PI656091,57.5153943916863,-123.821845529871,100.35604134114,30.9501320475712,-9.58929260889746,101.19523711753,10.0402141367772
PI656092,54.8752310598639,-131.782793568346,103.933585361075,3.32636619575604,-19.9131653288137,96.4473518945807,24.6135294633671
PI656093,34.1328584248266,-64.8958871174853,-89.4747732957704,-93.1613661336545,48.4331607022881,11.2333814327858,39.4213906128242
PI656094,51.6310646937656,-69.3228419329834,-100.256643092974,-92.2163782740254,62.2541219329472,15.4287611405477,35.290203678292
PI656095,52.3794510851991,-80.6729233416364,-132.948310030897,-43.7548179638061,34.0874325789217,-0.275355114318641,38.8678676457283
PI656096,38.639994688511,-97.0797332486901,-151.007322463872,-50.8004296723833,23.3827485816496,9.73678333443172,61.7452125328654
PI656097,45.671900936442,-138.030565901422,114.036118215579,46.4113529847606,-5.90706525192638,-119.847905774259,42.9910109844423
PI656099,62.5096312371697,-134.70589342407,121.280028700203,37.9844787844618,6.39392964765416,-115.863876231399,32.8894898345316
PI656100,57.0182587759531,-138.030974690657,110.15687030999,36.6030694176196,-13.1336302041008,-93.4961933153092,30.6337170860181
PI656101,81.7851023770055,22.7970328838396,-0.733698096279557,48.2815606443895,28.4905908024484,4.42422553844517,-77.5660356125589
PI656102,22.6770648651865,15.8347159648625,3.34700796778423,-83.0232569553935,28.60064175497,7.07862095865172,-43.8567457031294
PI656103,58.9958843345728,-118.972721837199,77.4732328332046,8.12041163551303,2.38777858330046,-82.6705886940627,48.0570354949954
PI656104,0.0485217767495231,-88.5100882219298,99.4175811570413,0.989170069642622,14.1984239051629,-80.9990747347199,31.9047711561629
PI656105,43.4633630804761,76.4461639817863,27.8915754278241,-26.538134360213,-19.6223396570707,14.0570246222954,-13.4896891645523
PI656106,20.8365900929823,59.6487101106001,-14.1766760069126,40.7464502880662,-11.7391700699379,-3.67425170741419,-19.826223508395
PI656107,87.9070466279498,34.1147865200463,15.82693896754,36.5403515635529,6.33735752290702,9.02165924065979,-53.0367297647931
PI656108,48.6566050927853,-124.461787409985,113.497878102863,6.95863110547376,3.72644216765128,-111.737730209906,38.460282664888
PI656109,36.346526351434,7.38665129318387,13.4814065657043,-26.8464801567037,31.7869721061993,20.8124323142002,-64.0944490349199
PI656110,41.7953503923831,-89.443378425213,46.8573579645922,0.911996845390919,19.1346899786656,2.39927308085059,-6.41298672327709
PI656111,-14.4053155982939,0.491835772499469,-36.1783255455735,-39.5345806208414,28.4354460060386,-7.65171648367484,-40.2377981720662
PI656112,26.5269272397568,-97.461249824683,71.119846571819,-26.2242419093334,-27.5213660055226,-30.8170000740724,41.2435198698626
PI656113,41.7824405187417,-111.906781043429,-30.5382975886716,-51.1534275019071,2.35268202179282,-8.16524298214059,67.994289987692
PI656114,32.4769794581609,-45.8684662208293,38.8313052144013,-15.1197957332459,-68.8179417353778,36.9156860406366,21.038629037609
PI656115,6.8464472400056,-52.0989412125384,-26.6586266100249,-115.477913910617,77.1645005127085,1.24046014496737,38.0871071146259
PI656116,61.7491594331255,20.8309393973494,-23.8731976525361,-56.9981936376521,54.3036025089249,18.5808458480293,-3.49330846827832
PI656117,158.833576791648,132.926235913577,-6.9189022630797,6.53378306221882,-31.0304497322833,-15.1054594235195,89.3194926342643
PI656118,111.13011160096,89.7444842552049,4.98875908575547,3.12745709469027,17.7097962540521,16.9230310169797,-13.5744150140557
PI656119,15.44007456184,-74.6116619984407,-127.069812618006,-91.5503725282617,22.6146091320049,17.6490304354817,47.2580008126877
PI656120,87.8627554612603,77.2254118468889,12.6557016172984,2.45862734153251,-29.486229505654,17.6185553699259,-10.6989642719403
PI656121,76.806632616035,20.6628306109249,-19.1964799326165,-42.3474629277939,28.3903871496713,20.6865450458362,22.8291256556752
