"","Sample","Experiment","Genotype","Year","Environment","Rep","Al","As","B","Ba","Be","Ca","Cd","Co","Cr","Cu","Fe","K","Li","Mg","Mn","Mo","Na","Ni","P","Pb","S","Se","Sr","V","W","Zn","TKW","PA","B-caroteneRB","LuteinRB","ZeaxanthinRB","B-caroteneBC","LuteinBC","ZeaxanthinBC","a-carotene","B-carotene","Lutein","Zeaxanthin","b-cryptoxanthin","rawalphabeta","alphabetaBC"
"1","23-KS-09-1","GxE","PI563409",2023,"KS","1",2.27,0.00212,0.352,0.897,0.000422,394,0.0128,0.00896,0.0961,4.01,42,5690,0.0587,2450,16.3,0.462,4.02,11.7,4340,0.00555,1400,0.035,1.42,0.0298,1e-04,52.4,23.31,18.29,9.70051642877234,17.1283893488411,16.4989161004499,1.48037736144914,10.6453633095137,3.3767660352593,0.102874462518817,0.381520244906304,1.55376011904966,0.511664829177358,NA,NA,2.19169220260778
"2","23-KS-09-2","GxE","PI563409",2023,"KS","2",4.15,0.0101,0.662,0.979,0.000939,827,0.0137,0.0118,0.0949,6.13,46,6000,0.192,2730,19.1,0.4,2.44,15.8,4630,0.00628,1380,0.035,2.02,0.0144,0.00497,55.7,26.95,16.53,27.9839458385557,18.738127178006,26.7614293677341,2.50817420868197,6.82869103500648,3.4471976359098,0.0604443755160542,0.224072600693275,0.911069042564416,0.322030410683709,0.124087908050737,1.44960695514951,1.14664393982515
"3","23-KS-09-3","GxE","PI563409",2023,"KS","3",4.82,0.00377,0.1,0.752,0.000797,602,0.00854,0.0103,0.0931,5.03,40.5,5700,0.0522,2370,14.8,0.271,3.23,17,4410,0.00632,1260,0.18,1.46,0.0585,1e-04,57.1,21.35,12.97,22.4984550105919,31.240270287532,40.5943370315507,3.78534094556547,19.111248376118,6.84862498170184,0.0658720102535471,0.420622320930858,1.52937604254222,0.421772190563118,0.115119148317015,1.66603163981041,1.79718916788265
"4","23-KS-12-1","GxE","PI569812",2023,"KS","1",4.92,0.00398,1.15,0.841,0.000628,382,0.0165,0.0162,0.0629,7.96,52.7,5100,0.0498,2610,23.4,0.482,3.17,21.3,4640,0.00637,1140,0.035,1.55,0.03,0.000408,55.5,30.9,16.81,14.7267867191024,16.2661251236311,18.0611152930008,1.54232503492875,7.04730826792605,4.71365341966883,0.0690420667018298,0.261823075248345,1.08312646902117,0.652458796591523,NA,NA,1.12649177408003
"5","23-KS-12-2","GxE","PI569812",2023,"KS","2",4.66,0.00662,0.786,0.666,0.0011,677,0.0172,0.0149,0.0833,6.56,45.8,5270,0.0874,2710,22,0.53,4.68,16.1,4760,0.00538,1170,0.035,1.76,0.0651,0.000434,50.5,30.6,16.52,16.5480760872239,14.4879574337354,21.0458890859024,1.34828124512397,4.76873403489635,3.95238759934716,0.0526344185109813,0.203691540638511,0.822878942167563,0.469496392290058,0.105145218567402,1.12485682897586,0.899647605767786
"6","23-KS-12-3","GxE","PI569812",2023,"KS","3",8.03,0.00521,1.02,1.04,0.000705,876,0.0148,0.0177,0.158,7.38,50.7,5350,0.173,3150,28.6,0.451,5.8,23.3,4940,0.0118,1370,0.035,2.66,0.0281,0.00085,67.3,26.45,12,8.74443116018095,12.1465877556478,11.2496576101391,0.739085060314535,3.36698557901288,2.03884733549768,0.0543162208567434,0.211301640660192,0.692990008129509,0.453090975333354,0.117415777439536,0.955868772020567,1.21204734286863
"7","23-KS-26-1","GxE","PI576426",2023,"KS","1",2.1,5e-04,0.304,0.52,0.00085,654,0.0129,0.00505,0.0215,3.44,32.4,5060,0.142,2550,16,0.24,4.1,5.27,4530,0.00264,1170,0.035,1.42,0.00666,0.000341,42.6,31.3,15.9,15.8782797827833,9.67350076113894,18.0318886045914,1.03731877731494,3.27359476903911,1.18973968164503,0.0429690878448693,0.163323545041652,0.846021220722394,0.164949399884559,0.129384036763159,1.94248169291703,1.46991865250267
"8","23-KS-26-2","GxE","PI576426",2023,"KS","2",4.12,0.00191,0.1,0.552,0.00146,421,0.0102,0.00543,0.0154,3.1,32,5480,0.0315,2350,16,0.164,5.23,5.81,4540,0.00551,1100,0.035,1.81,0.0358,0.000363,38.3,26.2,16.24,12.9532642927362,8.28967742138045,12.849618601932,1.20124959699212,4.38788147073374,1.23478021924699,0.0826252693210261,0.2318430261756,1.32329680869628,0.240236745054313,0.14802541793611,2.26723159647821,1.8012429246486
"9","23-KS-26-3","GxE","PI576426",2023,"KS","3",3.08,0.0042,0.813,0.521,0.000512,570,0.00837,0.00457,0.0209,4.58,32.8,5430,0.0558,2760,16.7,0.173,2.37,6.7,4880,0.00373,1240,0.114,1.56,0.0482,1e-04,44.4,27,12.62,6.58690543787998,7.97733799994949,11.1398313896241,0.574708074101266,3.7314925158332,0.984199584766864,0.0776953154266511,0.218125218101749,1.16940404050099,0.220873985957179,0.131931383169392,2.18432745385371,2.3936584663023
"10","23-KS-47-1","GxE","PI585347",2023,"KS","1",6.34,5e-04,0.1,0.338,0.00091,312,0.35,0.00865,0.112,6.05,34,5730,0.0814,2460,14.5,0.361,1.69,8.87,4310,0.00366,1270,0.035,1.11,0.0127,0.000804,35.7,29.95,NA,7.1276627175787,7.73758929510419,7.284469589007,0.550083091353495,1.84845200236102,2.09611090946357,0.0526429821189817,0.192939506662136,0.597231234388014,0.719376642270155,0.121315242285326,0.628729179501257,0.698532307831656
"11","23-KS-47-2","GxE","PI585347",2023,"KS","2",6.13,0.00302,0.296,0.431,0.000886,307,0.37,0.00726,0.0196,6.51,41.9,5530,0.016,2730,18.1,0.491,4.19,4.83,4960,0.00746,1440,0.035,1.54,0.0193,0.000515,39.2,26,9.7,11.8306535751912,10.1275053992398,4.16473066355935,1.0694226426654,2.64454613094564,1.15994241009011,0.0541216445113286,0.225985537457535,0.652812816852246,0.696288970280481,0.118699408874854,0.679108717405527,1.18623288172431
"12","23-KS-47-3","GxE","PI585347",2023,"KS","3",6.79,0.00204,1.44,0.555,0.001,493,0.22,0.0112,0.0332,7.26,37.7,5310,0.13,2640,19.7,0.392,3.65,17.8,4450,0.00541,1380,0.102,1.67,0.0236,1e-04,39.1,29.15,17.02,11.1881019798382,22.8681906182912,20.5343002957261,0.952622140318119,5.00186714344211,5.04037251937996,0.0536172482990806,0.212865002042977,0.546814921535742,0.613652820742696,0.121934083460351,0.633065489014974,0.83461898891365
"13","23-KS-48-1","GxE","PI585348",2023,"KS","1",10,0.00298,1,0.306,0.00134,478,0.373,0.00796,0.0246,7.07,40.7,5490,0.0478,2690,17,0.494,2.84,3.78,4740,0.00735,1390,0.035,1.46,0.0395,0.00137,40.3,32.85,NA,29.7765728614546,26.6890856398334,20.5813133241405,2.35161559514962,10.4868714207977,7.7998813307175,0.0612202037850879,0.197438402842,0.982318349372941,0.947446988425269,NA,NA,1.0330369498587
"14","23-KS-48-2_TR","GxE","PI585348",2023,"KS","1",4.3,5e-04,0.441,0.277,0.0012,327,0.39,0.00915,0.0205,7.01,39.4,5020,0.0404,2500,16.1,0.455,2.87,3.32,4400,0.00556,1350,0.035,1.18,0.012,1e-04,36.3,35.27,11.23,7.39644231072045,8.88625426061633,9.79668115873449,0.66977794890876,2.54833354311213,3.02567931704801,0.059646607073778,0.226385173023651,0.716931304342227,0.772118452163359,NA,NA,0.689585444969923
"15","23-KS-48-3_TR","GxE","PI585348",2023,"KS","1",8.67,0.00312,1.55,0.305,0.00145,516,0.397,0.0172,0.0652,7.38,41.6,5440,0.0986,2670,18.4,0.464,5.28,2.99,4790,0.00751,1430,0.035,1.48,0.0244,0.000507,40.7,33.06,11.61,9.03633948482804,17.3886872487218,14.1631997310826,0.789655532540006,5.10396372566629,4.48264113680093,0.047621961832351,0.21846665175258,0.733805210919742,0.791247956308087,NA,NA,0.968072179121952
"16","23-KS-50-1","GxE","PI563450",2023,"KS","1",4.3,5e-04,0.239,0.518,0.000777,578,0.459,0.0381,0.0553,4.54,36.4,6100,0.133,2220,18.8,0.449,4.51,12.5,4350,0.00613,1260,0.035,0.818,0.0116,1e-04,31.8,28.9,17.72,6.29474428266321,10.6802900282793,9.60094951180957,1.28357717973077,8.48356226702274,6.47833412076484,0.0822435100063587,0.509781304089649,1.98579866383776,1.68689933032046,0.167207419793261,0.87484776200244,1.09297335908503
"17","23-KS-50-2","GxE","PI563450",2023,"KS","2",8.82,0.00341,0.427,0.825,0.001,195,0.781,0.0111,0.0579,6.99,41,6230,0.0774,2340,24.4,0.527,4.88,28.2,4440,0.00809,1470,0.218,0.929,0.0192,0.000483,45.8,32.05,17.23,15.1708981030692,13.0856293356789,17.208335217101,2.7346322362727,8.70763919881668,10.1803736918807,0.0860450715604712,0.450637829364806,1.66358815755897,1.47898875217223,0.169559135268276,0.833481866379193,0.674226496469111
"18","23-KS-50-3","GxE","PI563450",2023,"KS","3",5.22,0.00299,0.411,0.92,0.000898,207,0.361,0.00735,0.0517,4.62,33,5730,0.0303,1970,17.2,0.315,3.62,17.6,3790,0.0684,1210,0.035,0.962,0.0261,0.000359,35.7,30.4,19.66,5.85987612314482,8.12246315855292,7.46915116938261,0.936625414605107,4.07174841714897,4.04231775403988,0.0410592210239421,0.399592668395201,1.25323696078001,1.35300439848174,0.14437265189309,0.68229670141659,0.817793712286355
"19","23-KS-53-1","GxE","PI563453",2023,"KS","1",4.99,0.00556,0.1,0.54,0.000681,364,0.172,0.00786,0.0277,5.79,48,5460,0.0911,2610,19.7,0.449,2.06,17.1,4890,0.00634,1500,0.104,1.84,0.0161,1e-04,35.8,33.3,16.9,7.53085860544054,8.44797384824361,10.3084273324946,0.772435690820896,2.38062216222265,2.10753664340265,0.0300001522966936,0.256423514001067,0.704495008207676,0.511119828327062,0.126556422305222,0.821491280456346,0.826612858024025
"20","23-KS-53-2","GxE","PI563453",2023,"KS","2",9.96,0.00669,0.1,0.366,0.000599,721,0.139,0.0122,0.0821,4.22,41.8,4940,0.175,2430,18.5,0.586,4.83,14.6,4520,0.00516,1660,0.278,1.77,0.0152,0.000528,29.7,35.75,13.35,27.1583052251591,35.9979428553731,48.8164489275305,3.43394068173147,11.2312613114287,11.2853406065138,0.048545320639883,0.316104102710201,0.779993273265083,0.577947641340486,0.117671831598598,0.818937715643565,0.763030550981992
"21","23-KS-53-3","GxE","PI563453",2023,"KS","3",10.5,0.00471,0.735,0.618,0.000682,1210,0.237,0.0993,0.0452,5.62,57.5,4650,0.26,2940,22.4,0.458,7.38,21.1,4910,0.011,1470,0.104,2.44,0.0226,0.000441,37.9,35.7,16.96,11.9610504018788,17.6725167367515,15.8919285676613,0.969428919261316,3.32945614511064,3.07535823346916,0.0462846623061419,0.202622028728565,0.470993491575926,0.483792483142552,0.120744534918794,0.640862734475064,0.823147428873496
"22","23-KS-54-1","GxE","PI563454",2023,"KS","1",2.2,0.0036,0.1,0.345,0.000552,247,0.25,0.00422,0.0213,4.84,43.6,4570,0.0121,2460,19.6,0.501,3.67,11.1,4530,0.00319,1410,0.035,1.27,0.013,1e-04,25.9,37.7,15.32,15.2348242792929,10.4194709867999,18.6625103805797,1.37734623470117,3.30319734530669,3.82748535924975,0.0419268853971669,0.226019383199131,0.79255399566144,0.512723808479785,0.149822541301319,0.939132413152791,0.634640580714596
"23","23-KS-54-2","GxE","PI563454",2023,"KS","2",4.71,5e-04,0.1,0.377,0.000797,174,0.215,0.00438,0.0247,4.14,43.4,4230,0.0329,2380,19.7,0.616,2.73,11.5,4470,0.00437,1460,0.119,1.24,0.0121,0.000295,26,35.75,17.29,15.7743931267426,11.607659804887,22.1946901661481,1.495010038965,4.24120550527962,4.89733450030692,0.0609668238972693,0.236936221088354,0.913449734177687,0.551633573576132,0.140093062675723,1.04926836512638,0.663481994630203
"24","23-KS-54-3","GxE","PI563454",2023,"KS","3",4.59,0.00337,0.1,0.445,0.000756,604,0.187,0.00554,0.0413,3.7,40,4350,0.11,2380,19.9,0.518,3.97,10.7,4420,0.00381,1510,0.078,1.55,0.0109,1e-04,26.8,38.85,16.83,21.2169317470173,5.38974249819628,4.00949285121308,1.724453107133,4.10524716531832,1.67534774575738,0.167458569624362,0.203193035601792,1.90419447992746,1.0446132515553,NA,NA,1.20749636315557
"25","23-KS-55-1","GxE","PI563455",2023,"KS","1_2",6.32,0.00437,0.369,0.777,0.000955,800,0.0203,0.00692,0.0434,6.28,46.4,5130,0.172,2510,19.8,0.367,2.39,18.3,4740,0.00568,1350,0.035,1.73,0.0166,0.000173,43.7,28.2,12.9,9.59492237395085,11.6700038282793,13.5887182831719,1.16050005618373,4.08294518595912,3.80703711924968,0.0669017818233468,0.302373487495417,0.874666633798599,0.700404011606503,NA,NA,0.821925441474504
"26","23-KS-55-2","GxE","PI563455",2023,"KS","2",7.97,0.00315,0.312,0.835,0.000841,712,0.0315,0.00947,0.0681,5.8,42.5,5100,0.0536,2620,21.6,0.538,4.12,25.4,4900,0.0077,1360,0.035,2.17,0.0651,0.000365,55.8,22.85,7.67,5.98890440837273,8.59068594552722,7.56046633354632,0.642063061714241,1.97153719005976,1.6864190968605,0.0324526948240297,0.268021919341629,0.573742656454066,0.557643874881679,0.119266223149382,0.641522712886345,0.846704872871575
"27","23-KS-55-3","GxE","PI563455",2023,"KS","2",8.42,0.00997,0.908,0.851,0.000684,1030,0.0321,0.0178,0.0905,8.08,51.3,5640,0.169,2960,24,0.556,3.92,26.6,5430,0.00797,1730,0.035,2.47,0.0229,0.000357,58.5,27,10.24,23.5509786886021,19.8028899427152,32.9956428891884,2.61203188917031,6.91584057476224,9.32309089213381,0.0560321855951779,0.277274240245741,0.873084761210111,0.706388031553453,0.119966812664506,0.841874285378032,0.579452821850783
"28","23-KS-55-3","GxE","PI563455",2023,"KS","2",8.42,0.00997,0.908,0.851,0.000684,1030,0.0321,0.0178,0.0905,8.08,51.3,5640,0.169,2960,24,0.556,3.92,26.6,5430,0.00797,1730,0.035,2.47,0.0229,0.000357,58.5,NA,10.24,23.5509786886021,19.8028899427152,32.9956428891884,2.61203188917031,6.91584057476224,9.32309089213381,0.0560321855951779,0.277274240245741,0.873084761210111,0.706388031553453,0.119966812664506,0.841874285378032,0.579452821850783
"29","23-KS-68-1","GxE","PI563068",2023,"KS","1",4.04,0.00395,0.1,0.421,0.00072,616,0.00379,0.00641,0.0274,4.68,37.4,5940,0.159,2600,18,0.336,3.43,16.2,4420,0.0119,1220,0.035,1.34,0.012,1e-04,40.7,26.85,10.52,14.4116606595463,10.7773659001466,21.5114739638917,3.32094653685199,8.23586397333863,7.25257838115434,0.111159854281507,0.576086721597242,1.91045382741126,0.842873249100483,0.136001569438907,1.30010526274182,0.778913752717719
"30","23-KS-68-2","GxE","PI563068",2023,"KS","2",4.8,0.00276,0.1,0.543,0.000412,481,0.00445,0.00577,0.0342,4.29,36.7,5670,0.104,2770,19.6,0.51,2.88,5.78,4320,0.0079,1390,0.035,1.72,0.0162,0.000241,43.6,21.11,16.31,18.4006294994718,15.9740683381517,11.8491392236521,3.34433639879398,7.66980915469725,3.44134888738767,0.0790332959012983,0.454377987297932,1.20035312738382,0.726075713693693,0.128744211515496,0.977229195878477,1.1302924953381
"31","23-KS-68-3","GxE","PI563068",2023,"KS","3",9.62,0.00753,0.317,0.662,0.00111,635,0.0047,0.00727,0.0277,4.67,37.6,6610,0.0341,2930,21.9,0.476,10.7,7.56,4890,0.00984,1580,0.109,2.3,0.056,0.000721,45.6,21.2,10.78,5.03862071831051,13.1507815263922,10.270896200468,1.51982533006879,9.79805314717355,4.23333842590739,0.155300074680134,0.754087981134249,1.86263704699031,1.03042089591815,NA,NA,1.70307218128385
"32","23-KS-69-1","GxE","PI585369",2023,"KS","1",5.68,5e-04,0.1,0.898,0.000791,252,0.0128,0.00808,0.0379,4.7,40.2,5200,0.0045,2450,15.7,0.377,3.13,21.8,4460,0.00727,1390,0.035,1.8,0.015,1e-04,44.7,28.5,18.67,14.3705336031971,21.605993727923,27.9786371419521,1.72785466033755,8.64561146724324,5.26177986449321,0.0300047075014712,0.30058985769901,1.00037188477819,0.470160486891937,0.123222574756998,1.15258143728918,1.23691896000136
"33","23-KS-69-2","GxE","PI585369",2023,"KS","2",3.53,0.00236,0.1,0.827,0.000572,701,0.0175,0.00746,0.0337,4.31,35.5,5290,0.0481,2270,14.8,0.303,2.19,20.1,4340,0.00514,1320,0.152,1.68,0.0527,0.000226,42.6,27.75,13.97,10.2173272276737,13.4853019371785,14.6172639847986,1.6598961268225,8.38252659267545,3.5891217197457,0.0473333950409989,0.406147344074158,1.55401166242432,0.61384978123783,0.117386936647335,1.40791937483874,1.59697048813731
"34","23-KS-69-3","GxE","PI585369",2023,"KS","3",5.88,0.00161,0.481,0.854,0.000699,339,0.0144,0.0111,0.039,3.95,41.5,5040,0.0249,2530,15.2,0.41,4.14,19.3,4450,0.0066,1480,0.035,1.84,0.0147,0.000396,49,31.15,10.75,12.8742180466239,9.11613830099301,9.67867880870699,1.45859738517644,10.1674672412133,4.69040472274176,0.103970415925868,0.283239995604808,2.78831532209909,1.21153021384547,NA,NA,1.65351500337272
"35","23-KS-77-1","GxE","PI533877",2023,"KS","1",6.13,0.00472,1.15,0.664,0.0011,846,0.024,0.00936,0.0429,5.67,44,4530,0.206,2090,17.2,0.377,4.31,9.98,4040,0.0248,1110,0.035,1.84,0.0115,0.000367,36.5,35,11.41,10.6925004251928,8.00501590327968,12.3244777782911,1.11944281559593,4.80192176163479,4.0227581419014,0.0443314395910253,0.261735508786699,1.49966028164523,0.816009857429265,0.11941032060278,1.2897167329499,0.933826157578223
"36","23-KS-77-2","GxE","PI533877",2023,"KS","2",5.68,5e-04,1.7,0.626,0.00106,267,0.0323,0.00608,0.0228,7.55,42.2,5180,0.0139,2190,18.5,0.403,7.68,8.58,4470,0.00561,1120,0.035,1.57,0.0128,1e-04,41.4,35.75,9.03,10.862056247547,13.4181020598842,13.640124337902,1.30800876208681,9.59598135417736,4.92385316439965,0.0736599711040902,0.301049988206008,1.7878797819824,0.902457529422529,NA,NA,1.53982573224109
"37","23-KS-77-3","GxE","PI533877",2023,"KS","3",4.52,5e-04,0.59,1.02,0.00089,560,0.0481,0.00768,0.0282,7.84,44.9,5000,0.0419,2470,20.4,0.383,3.26,13.2,4600,0.00771,1260,0.035,2.07,0.0457,1e-04,40.5,34.9,11.36,22.3049670321353,12.1326580018805,4.01595748683576,2.37892452601957,16.0969776011807,2.72764577862325,0.131446807628588,0.26663618495739,3.31686955955689,1.6980046399672,NA,NA,3.15220914251305
"38","23-PR-09-1","GxE","PI563409",2023,"PR","1",1.76,0.00552,0.1,0.0915,0.00142,636,0.00744,0.0146,0.0221,2.61,29.3,6840,0.157,1910,13.3,0.765,8.46,2.83,4100,0.00111,1160,0.035,0.959,0.00357,1e-04,24.7,23.8,19.14,9.02091869251915,21.2085988011598,21.2963583388427,1.2754513447335,19.4779765711045,4.73294228289282,0.0693334738236013,0.35347046908626,2.29599993306009,0.555604649347529,0.128314250542922,2.28008255879552,3.24179435940177
"39","23-PR-09-2","GxE","PI563409",2023,"PR","2",0.406,0.00327,0.1,0.115,0.000549,881,0.00922,0.0121,0.011,3.07,29.8,6790,0.0932,2100,14.1,0.843,5,3,3910,0.00121,1050,0.035,1.07,0.00233,1e-04,23.5,19.65,13.05,24.1107648069568,36.5957957465317,45.2105129316093,3.31589575034393,41.2752502378916,11.7543893805443,0.58939205430356,0.343819013715731,2.81967159040417,0.649980978888988,0.149024308897187,2.98301640963315,2.73884998720386
"40","23-PR-09-3","GxE","PI563409",2023,"PR","3",1.76,0.00406,0.1,0.164,0.000683,358,0.00801,0.0115,0.00999,2.46,26.7,6470,0.0494,1880,11.9,0.661,4.5,6.23,3830,0.00159,1010,0.035,0.647,0.0233,1e-04,22.8,27.75,18.18,14.1728462790867,9.06110921177947,8.73233526952674,1.84808658211,7.22366504666291,1.8595773592117,0.0934526211674583,0.325990726512891,1.9930410498949,0.532382604943341,0.134193505665489,2.10211906445801,1.94830630849673
"41","23-PR-12-1","GxE","PI569812",2023,"PR","1",0.595,5e-04,0.984,0.102,0.000423,913,0.00988,0.0343,0.03,7.92,41,5700,0.21,2640,24.1,1.06,3.46,2.48,4690,0.00229,1220,0.035,1.28,0.00297,0.000484,31.3,25.65,4.43,18.9795113629748,11.712053534362,5.00132522404096,3.25826670264454,12.3444145530008,2.02610686475365,0.07357389236764,0.429182111216092,2.63498081629826,1.01278499897104,0.133218809595335,1.71951429647109,2.33602231098107
"42","23-PR-12-2","GxE","PI569812",2023,"PR","2",1.91,5e-04,0.1,0.0552,0.000497,515,0.00354,0.0283,0.00659,4.67,31.2,5560,0.01,2590,17.6,0.307,2.15,1.72,4450,0.000432,1200,0.035,0.672,0.023,1e-04,27.2,27.75,8.63,13.350154689274,27.3403619556355,28.2848260408215,1.90465164913673,20.9812263535895,10.4547322906404,0.0446411212807054,0.356672205953352,1.91852126790011,0.924058386955594,0.133116498059797,1.38852525263937,1.69759483610376
"43","23-PR-12-3","GxE","PI569812",2023,"PR","3",1.87,5e-04,0.257,0.0429,0.00091,676,0.0045,0.0373,0.0314,5.13,37.5,5510,0.0779,2470,15,0.429,5.86,2.34,4150,0.00214,1010,0.035,0.61,0.0543,1e-04,30.9,27.6,13.95,18.3207638688413,11.9180997329652,12.0464542771489,2.21644346044514,18.6388831329438,8.16265216200439,0.0935083754832561,0.302449651705669,3.9097850224791,1.69399475858391,NA,NA,1.79580994442605
"44","23-PR-26-1","GxE","PI576426",2023,"PR","1",2.61,0.0115,1.01,0.0712,0.000512,127,0.0023,0.00633,0.0177,2.03,23.2,4910,0.057,2230,11.8,0.263,2.33,1.35,3940,2e-04,1140,0.035,0.42,0.0122,1e-04,24.1,23.5,17.15,10.5212326835494,7.51871299890062,16.4682246664151,0.992616808138467,5.61859838148074,1.53352880639296,0.235519720804156,0.235860387749642,1.86820483183169,0.232801172782212,0.179507334973486,3.24564255894398,2.22417834869069
"45","23-PR-26-2","GxE","PI576426",2023,"PR","2",2.48,0.00547,1.26,0.0978,0.000606,594,0.00475,0.00987,0.0223,3.75,25.5,6290,0.0533,2600,13.3,0.413,4.21,7.95,4490,0.00212,1200,0.035,0.926,0.0473,1e-04,30.6,25.5,13.71,11.692425251529,5.50590847122813,12.3666858517414,0.988201287285104,2.65844177052158,0.768763810187662,0.115984202037792,0.211290913994912,1.20708588982801,0.155410232661366,0.136900971581423,2.62721311914996,1.51308741098244
"46","23-PR-26-3","GxE","PI576426",2023,"PR","3",3.08,0.00592,1.36,0.0867,0.000691,644,0.00516,0.0081,0.0184,3.89,27.6,6470,0.0394,2490,14.8,0.52,6.55,4.84,4220,0.00343,1010,0.035,0.845,0.0528,1e-04,34.4,28.1,9.27,7.33316686799258,6.95499718505952,16.0719000530244,0.644007927403478,3.24734356002086,0.982730636692819,0.0785091709186954,0.219553140885969,1.16726990450718,0.152864725615919,0.144691486767094,2.40912114149648,1.99622953048074
"47","23-PR-47-1","GxE","PI585347",2023,"PR","1",2.88,0.00505,1.02,0.023,0.000786,556,0.0313,0.0132,0.137,3.41,23.8,6570,0.167,2010,12.2,0.729,7.11,1.82,4200,0.00145,1060,0.035,0.596,0.00243,1e-04,16.6,29.25,14.56,9.32196437828989,4.10627507671813,1.5769044529566,0.913356767624921,5.64579928540694,1.47085815369736,0.097009802886049,0.244947505311234,3.43729973024558,2.33187583264729,0.293368494093767,1.23138443001019,2.36799092016243
"48","23-PR-47-2","GxE","PI585347",2023,"PR","2",2.29,5e-04,1.07,0.0276,0.00117,272,0.0361,0.0144,0.0536,4.6,27.4,6900,0.012,2250,15.2,0.761,4.29,3.05,4660,0.000493,1240,0.035,0.333,0.0215,1e-04,24.6,27.7,14.79,7.51070956138853,10.3010498010842,10.69120063379,0.804068447093892,5.87518125732551,4.25260807301384,0.0998193175034447,0.267640640515342,1.42586954018685,0.994417797093176,0.137412320160404,1.0901898801534,1.16186614547381
"49","23-PR-47-3","GxE","PI585347",2023,"PR","3",11.9,0.00297,0.793,0.0879,0.000974,89,0.0503,0.0122,0.00574,7.48,29.4,7460,0.0122,2690,19.1,1.38,8.8,5.5,5730,0.00277,1380,0.035,0.192,0.00417,1e-04,31.7,25.25,16.51,11.5175965576767,7.1382785150453,6.42095602961463,1.12928894724156,4.21770861766987,2.56589573473741,0.123936206078196,0.245122526558908,1.47714487771114,0.999031811969675,0.133168859401763,1.16245851822958,1.14140671729865
"50","23-PR-50-1","GxE","PI563450",2023,"PR","1",1.26,5e-04,0.448,0.122,0.000407,294,0.0902,0.00899,0.0242,6.1,44.8,6370,0.0587,2730,26.5,0.666,5.5,4.61,4890,0.00238,1520,0.035,0.566,0.00244,0.00022,28,23.5,14.43,16.6270401319096,13.6509512326423,22.4498109427913,3.51840655376969,20.4034788319629,21.0983113405441,0.27574734435028,0.529018773915354,3.73664048831518,2.34949766328866,0.159657766653881,1.32065759348839,0.8288464335319
"51","23-PR-50-2_TR","GxE","PI563450",2023,"PR","1",1.94,0.00163,0.622,0.146,0.00043,147,0.0844,0.00452,0.0305,6.3,44.6,6680,0.0213,2840,27.8,0.635,3.99,5.18,5070,0.00194,1600,0.035,0.577,0.004,0.00126,25.4,22.16,11.75,14.5477195010418,11.5075865980272,4.78627896834922,3.08471604700461,16.8043896146346,4.49384559786513,0.251767726590137,0.530103025217065,3.65071978200787,2.34725432198065,0.157997080970292,1.28567770286825,2.21735870236145
"52","23-PR-50-3_TR","GxE","PI563450",2023,"PR","1",3.62,0.00515,0.734,0.373,0.000718,620,0.088,0.00695,0.0427,6.35,44.2,6770,0.163,2860,27.9,0.677,4.55,4.88,5150,0.0024,1710,0.035,0.843,0.00188,0.000837,26.9,NA,8.16,13.7107932711768,12.0827132892603,20.5019717363477,3.21341139117147,19.5452286561663,21.2818638105771,0.131459793342321,0.585927328859738,4.04404792786467,2.59509964264154,0.16368292708497,1.24839159383357,0.797918312621005
"53","23-PR-53-1","GxE","PI563453",2023,"PR","1",0.225,0.00186,0.272,0.0493,0.000797,407,0.0207,0.00991,0.0065,4.46,36,6360,0.107,2680,22.8,1.27,5.7,2.16,4970,0.000715,1600,0.0804,0.715,0.00138,1e-04,21.6,31.27,15.46,6.43951974222829,13.6302420873913,14.1109432777636,1.3088999055224,10.0487876961533,6.89669261859018,0.119170191873814,0.508151212325301,1.84310513924197,1.22186952403426,0.15418843236416,1.0414317920154,1.22462670021992
"54","23-PR-53-2","GxE","PI563453",2023,"PR","2",2.48,0.0047,0.586,0.0807,0.000481,358,0.0161,0.00978,0.0185,5.41,38.3,6390,0.0118,2750,20.5,0.647,7.72,4.76,5080,0.000962,1380,0.035,0.953,0.0204,1e-04,30.8,26.65,15.9,12.9922957504089,14.0125018896237,17.734270436643,2.44128684915039,18.8121651176381,11.3647673231231,0.34866419017244,0.469756634248717,3.35631803403513,1.60209118324386,0.190606383872936,1.63759435305759,1.36260258600305
"55","23-PR-53-3","GxE","PI563453",2023,"PR","3",3.6,0.00436,0.1,0.076,0.000822,721,0.029,0.0117,0.0653,5.33,37.6,5960,0.151,2510,21.8,1.22,4.24,4.18,4760,0.00266,1320,0.035,0.917,0.00456,0.00128,30.2,31.5,16.02,25.9590786876165,10.1258630817519,13.1701296104156,1.10934905920461,7.82838098351066,4.67518669915613,0.138557558362405,0.106836328106457,1.9327688218544,0.887460267562355,NA,NA,1.3533291711778
"56","23-PR-54-1","GxE","PI563454",2023,"PR","1",0.015,0.00938,0.1,0.0772,0.000697,436,0.046,0.0108,0.00793,4.87,36.2,5690,0.0318,2630,20.3,1.14,4.03,5.23,4960,0.00071,1450,0.035,0.788,0.0241,0.000287,28.8,25.4,NA,9.70684826923141,12.1898422502574,16.9197731004153,1.64693937079987,14.3002819851452,7.43231572845296,0.360961572837494,0.424169443345558,2.93282753204687,1.09817012384618,0.180505591485095,1.93428573825453,1.57505013669261
"57","23-PR-54-2","GxE","PI563454",2023,"PR","2",3.39,0.00295,0.1,0.101,0.000426,664,0.0441,0.00948,0.017,5.16,39.9,5740,0.159,2840,23.1,0.883,3.84,5.81,5230,0.00166,1560,0.035,1.07,0.00297,1e-04,24.6,25.75,11.89,25.511645804085,31.1918817518909,26.6080791334734,4.1737533615322,31.7017481707233,10.7981551445565,0.126112845159209,0.40900471431599,2.54086531416155,1.01455605742808,0.161992050631781,1.68204939102846,2.11741530198578
"58","23-PR-54-3","GxE","PI563454",2023,"PR","3",0.015,0.00694,0.518,0.093,0.000568,395,0.0595,0.0102,0.0845,4.33,36.5,5250,0.0287,2690,24.4,0.67,2.61,7.15,4860,0.00177,1530,0.035,0.596,0.0221,1e-04,23.5,28.65,13.55,11.5708800666097,9.23954340261214,7.53469739810545,1.73400651752738,8.28115505845546,2.79937520018407,0.1873933107464,0.374648796708911,2.24068298010112,0.928828011357149,0.157865816902424,1.66153799209127,1.82670588406484
"59","23-PR-55-1","GxE","PI563455",2023,"PR","1",0.198,0.00429,0.1,0.0284,0.000739,427,0.012,0.0123,0.0227,4.47,38.8,6590,0.0346,2400,18.4,1.17,5.34,6.21,5170,0.000673,1490,0.035,0.47,0.0311,1e-04,32.8,29.38,15.04,8.75343865114836,6.87686064355588,11.2387487208696,1.16997465479099,6.0654158780188,4.67900450169564,0.137786827749266,0.334147156739799,2.20500901225275,1.0408197162125,NA,NA,1.03700418752427
"60","23-PR-55-2","GxE","PI563455",2023,"PR","2",2.05,0.00372,0.1,0.0362,0.000717,788,0.00719,0.0154,0.0224,3.72,37.3,5780,0.159,2150,15.6,0.6,7.89,4.2,4480,0.000793,1250,0.035,0.696,0.00394,1e-04,24.8,30.55,15.37,15.522595179809,13.6334841653811,15.2011069146333,1.3406510956926,6.72893550384901,3.83050459187319,0.0637096404374799,0.215919290583003,1.23389872724822,0.629971326000242,0.11698387014083,1.34764020189222,1.30124403719442
"61","23-PR-55-3_TR","GxE","PI563455",2023,"PR","1_2",2.36,0.0094,0.1,0.0358,0.000628,133,0.00838,0.018,0.0398,4.41,35.6,5980,0.047,2330,18.2,0.92,8.51,5.99,4710,0.00153,1450,0.035,0.385,0.00812,0.000792,30,27.85,15.2,3.25503123043191,3.87679858417191,3.57145223036405,0.870920143047787,6.83157026121241,3.5505484977909,0.0859006405728318,0.668903062208274,4.40541990568208,2.48536748413192,0.512324921266328,1.22492938911168,1.54509074159498
"62","23-PR-68-1","GxE","PI563068",2023,"PR","1",3.89,0.00613,0.1,0.0788,0.00112,766,0.00521,0.0215,0.0189,4.43,32.9,6780,0.159,2600,17.5,0.607,5.49,7,4910,0.00236,1250,0.035,0.892,0.00653,1e-04,28.9,29.5,NA,26.7707574894987,8.53503043632324,4.18429928943397,4.07106952811802,9.62925720024896,3.58515873510419,0.0971923684060919,0.380178776199644,2.82051050435301,2.14203053313926,0.223395663205709,1.06268123125338,1.25770247035403
"63","23-PR-68-2_TR","GxE","PI563068",2023,"PR","1_3_9",3.63,0.00301,0.337,0.0781,0.001,816,0.00534,0.0194,0.0353,4.88,35.2,6100,0.197,2670,18.7,0.656,7.4,6.68,4930,0.00201,1240,0.035,0.906,0.00705,0.000415,32.1,29.3,13.83,10.4894006513213,10.9903654809908,13.146182717314,2.2853854131508,8.91553995104321,8.23961805592056,0.0393772209358514,0.544689227039611,2.0280353657173,1.56692216917628,0.164843626176242,0.908171945554486,0.847081901420964
"64","23-PR-68-3_TR","GxE","PI563068",2023,"PR","1",2.63,0.004,0.1,0.0632,0.000797,318,0.00516,0.0137,0.00917,5.7,30.7,6530,0.0933,2630,18.1,0.693,1.54,10.5,4890,0.000841,1280,0.035,0.57,0.00471,0.000248,26.7,30.8,15.64,5.32111625191535,6.79626704025515,6.84638569262215,1.02432841041599,4.12282740527651,3.51321350435495,0.0660774682662322,0.481256357652065,1.51657791728035,1.28287159900328,0.134737812219447,0.833474072516677,0.90860370718683
"65","23-PR-69-1","GxE","PI585369",2023,"PR","1",2.4,5e-04,0.1,0.111,0.000565,567,0.00626,0.0101,0.0523,3.21,37.4,6510,0.0543,2020,10.3,0.463,9.29,7.32,4190,0.00336,1300,0.035,0.889,0.0511,1e-04,30,29.65,17.08,17.2070035756338,11.663660139532,10.1680522416469,2.48522269569262,7.43124374965609,2.96573839803115,0.0384644417482223,0.36107720393745,1.59281984830584,0.729180556794327,0.112860175881277,1.35588061686318,1.36329055039714
"66","23-PR-69-2","GxE","PI585369",2023,"PR","2",2.03,5e-04,0.1,0.0946,0.000793,373,0.00795,0.0113,0.0238,3.14,33.7,6310,0.0704,1940,11.4,0.347,4.99,7.79,4130,0.00181,1240,0.035,0.732,0.0288,0.0603,28.3,25.15,17.84,14.8749106074423,12.2398233967031,9.63727988055521,2.17064091936928,9.12926256467651,3.37802378569083,0.0474014944645927,0.364815792285039,1.86466386580699,0.876290775913477,0.1300617728796,1.39447892938381,1.64530802453265
"67","23-PR-69-3_TR","GxE","PI585369",2023,"PR","1_2",1.85,0.00184,0.1,0.112,0.000871,718,0.00576,0.0094,0.0292,4.56,35.4,6870,0.142,2020,11.6,0.46,5.18,7.17,4390,0.00761,1260,0.035,1.02,0.00394,1e-04,27.8,26.95,15.76,14.546410921519,21.0873987008708,30.9077014891094,2.10292037979816,14.1348027432965,9.6684489112326,0.0414741515219271,0.361415676888247,1.67574044383114,0.78204205144787,0.124606047493183,1.35420207412677,1.20077812477318
"68","23-PR-77-1","GxE","PI533877",2023,"PR","1",0.788,0.00163,0.1,0.119,0.00045,425,0.00788,0.0141,0.029,6.27,31.3,6210,0.0323,1990,17.5,0.829,8.37,9.37,4160,0.00211,1240,0.035,0.876,0.0346,1e-04,27.7,25.15,15.92,36.3813920092068,29.4893757269267,22.9566797490688,7.15169650312502,53.3844920811519,16.6173080064732,0.11220557835445,0.491439174545272,4.52573942014705,1.80963756389328,0.137033236294658,1.90227063035129,2.24597088445982
"69","23-PR-77-2","GxE","PI533877",2023,"PR","2",1.86,0.00178,0.248,0.12,0.00114,588,0.00843,0.0152,0.0323,4.87,31.7,6460,0.14,2220,17.9,0.806,3.83,4.95,4550,0.00088,1300,0.035,1.04,0.00271,1e-04,27.5,27.55,10.37,18.3990093684732,25.8034910950148,29.4606412846834,2.75740455972111,32.7440438434497,13.9318343501774,0.0791658582088719,0.374667530259257,3.17244319023326,1.18224126687803,0.13536650804217,1.92144211907489,1.96198544584493
"70","23-PR-77-3","GxE","PI533877",2023,"PR","3",4.66,5e-04,0.554,0.206,0.000345,700,0.00657,0.0456,0.0163,5.07,32.3,6130,0.141,2370,18.7,0.494,4.15,6.01,4580,0.000863,1360,0.035,0.949,0.00363,0.000177,27.8,26.45,16.69,18.6947794473616,11.7811598434989,6.05861774807064,4.07695293015182,22.9186481924658,4.31269714155101,0.337593166188006,0.545199388635632,4.86341083919527,1.77957139766921,0.166323945102883,2.08783870794194,2.73177641458103
"71","23-SC-09-1","GxE","PI563409",2023,"SC","1",2.53,0.349,0.1,0.232,0.000894,702,0.0165,0.0048,0.0565,3.9,35.4,3710,0.128,2470,13.2,1.17,3.38,4.56,4020,0.00973,1210,0.035,0.463,0.00457,1e-04,23.4,20.2,11.64,7.46350084604255,8.28479429863931,4.33248200483322,0.730751237843536,3.8194431030739,2.14298336386396,0.301841231106334,0.244774956457267,1.15254614821915,1.23657949500615,0.182693767032709,0.874005550536198,1.32908693127211
"72","23-SC-09-2_TR","GxE","PI563409",2023,"SC","1",1.44,0.322,0.295,0.252,0.000464,361,0.0145,0.00384,0.0134,3.51,36.2,4200,0.0766,2480,14.3,1.22,2.53,3.77,4170,0.00789,1310,0.035,0.294,0.00288,1e-04,24.7,18.2,15.04,1.07324320202064,1.34375163440108,0.761980979915029,0.6597392872721,4.02542464996178,2.26860633191586,0.291115395522498,1.53678887979439,7.48915303041835,7.44311994562135,0.92908616664305,0.785172303768047,1.37464123892522
"73","23-SC-09-3_TR","GxE","PI563409",2023,"SC","1",1.56,0.395,0.1,0.277,0.000975,405,0.0213,0.0216,0.0279,4.11,35.6,4060,0.11,2540,15.5,1.37,2.76,3.68,4230,0.00919,1410,0.035,0.338,0.00331,1e-04,29.2,20.1,8.65,14.6300661756109,15.2872691386158,22.3199328016779,1.34651240417973,5.57020717218471,9.68486936354474,0.255170760666131,0.230093355015789,0.910922533265657,1.08477806022076,0.150199264429085,0.795929718693107,0.504941927445751
"74","23-SC-12-1","GxE","PI569812",2023,"SC","1",0.407,0.112,0.1,0.144,0.000534,710,0.00864,0.00645,0.019,3.19,38.4,4880,0.0441,2590,13,0.7,3.97,4.15,3990,0.0025,1080,0.035,0.422,0.0403,1e-04,23.7,16.5,15.47,16.8980123187032,19.5338088052934,11.210417924742,3.39948249299692,15.9717051632696,6.13464357797247,0.299604171716079,0.502941178654823,2.04411046028841,1.36806754644556,0.165374867727485,1.15092001342922,1.67521438717935
"75","23-SC-12-2","GxE","PI569812",2023,"SC","2",4.62,0.121,0.747,0.176,0.000659,594,0.00827,0.00486,0.0118,5.97,31.5,6620,0.0356,2500,18.1,0.557,2.97,5.29,4180,0.00868,1210,0.035,0.458,0.0281,1e-04,27.6,NA,14.56,12.4036655669743,21.6292904616255,13.1407348843446,3.47842675923926,26.8952121072625,8.98216062501757,0.453312262933843,0.701088468658175,3.10865630971342,1.70883909919654,0.178789278515376,1.37595912725715,2.15842249469258
"76","23-SC-12-3","GxE","PI569812",2023,"SC","3",1.45,0.237,0.619,0.116,0.000543,241,0.021,0.00601,0.0211,4.07,28.2,8650,0.0354,2230,18.1,0.641,6.28,5.54,4380,0.00194,1300,0.035,0.224,0.00407,1e-04,27.9,NA,16.1,11.1347121787314,6.42877706645929,5.41361484784673,4.32625036030805,11.5950434086401,6.25076120246034,0.0688702142297836,0.971343104982026,4.50903931213243,2.88659305202816,0.221286072610132,1.12225058324128,1.09624947839286
"77","23-SC-26-1","GxE","PI576426",2023,"SC","1",1.2,0.148,1.12,0.166,0.000877,658,0.00606,0.0035,0.0137,2.88,24.5,4970,0.165,2210,14.5,0.258,3.14,3.47,3700,0.00965,953,0.035,0.447,0.00267,0.000687,29.5,24.35,12.28,16.4821175846103,7.48000785691094,13.1350799512177,1.64418454733667,6.63418918971943,1.74395823174738,0.170506487396513,0.249389154472463,2.21730689212778,0.331927601168827,0.236312222441203,2.92041187816533,1.95806069055712
"78","23-SC-26-2","GxE","PI576426",2023,"SC","2",6.31,0.252,0.472,0.101,0.000647,578,0.0105,0.00749,0.0266,2.22,26.7,5290,0.0368,2370,17.7,0.199,3.53,1.98,4060,0.00598,1110,0.035,0.384,0.0527,1e-04,34.3,18.15,10.77,11.1185486782326,10.4978265335052,20.0542215961168,2.00674110239405,10.1875763060097,2.27624604458881,0.334265545392352,0.451214713464077,2.42611560438123,0.283761455621591,0.168428806572637,3.05553015995081,2.37861472761746
"79","23-SC-26-3","GxE","PI576426",2023,"SC","3",1.95,0.256,0.479,0.0807,0.000843,540,0.0071,0.00424,0.0282,1.55,25.6,5450,0.0683,2180,14.7,0.361,1.71,1.73,3900,0.0048,1020,0.035,0.341,0.0533,1e-04,34.1,20.9,13.93,4.86146136097905,4.4318335561547,10.1005258243106,0.538271788315281,2.39386197673463,0.767691864040016,0.0360748960163877,0.276805546906002,1.35037899460944,0.190012846210513,0.131919865725516,2.31562601880036,1.83302343248016
"80","23-SC-47-1","GxE","PI585347",2023,"SC","1",2.83,0.187,0.503,0.132,0.000493,655,0.0215,0.00518,0.0328,2.69,28,5130,0.165,2020,12.5,0.641,4.24,3.83,3790,0.00697,938,0.035,0.427,0.00412,1e-04,17.9,25.45,15.13,15.5462880568728,18.0416026607646,21.5054741184415,1.98690238005409,12.5057055913399,9.12342749986599,0.0543460949604814,0.319513952910403,1.73289837750061,1.06059362486252,0.166543899849673,1.15555734327964,1.125592644548
"81","23-SC-47-2","GxE","PI585347",2023,"SC","2",1.1,0.22,0.843,0.183,0.000765,625,0.0467,0.00764,0.0269,1.96,24.3,5760,0.0745,1720,15.3,0.58,4.24,4.79,3440,0.00516,1010,0.035,0.457,0.0537,1e-04,19.8,18,16.15,8.18408622137522,8.78869801919985,10.7682914187358,1.40454840374801,5.23757195726472,7.65707125235105,0.155620924607218,0.429048633456356,1.4898600298425,1.77768945754673,0.188566069414805,0.686961172464479,0.577995121847726
"82","23-SC-47-3","GxE","PI585347",2023,"SC","3",4.89,0.125,0.765,0.0523,0.000399,235,0.0445,0.00414,0.0185,3.81,28.8,6740,0.076,2150,12.8,0.519,3.61,7.96,3970,0.00505,1080,0.035,0.147,0.00253,0.00025,16.7,18.7,16.45,6.72751903543514,15.9075833655111,15.8954242092459,1.43427062387089,13.4406932591048,14.528955772512,0.11319269154534,0.532986460653738,2.11230910287815,2.2850846226647,0.185099690527908,0.741050696751806,0.84197849014723
"83","23-SC-50-1","GxE","PI563450",2023,"SC","1",6.8,0.191,0.493,0.194,0.000545,466,0.103,0.00299,0.0213,2.48,34.5,6320,0.053,2250,25.3,0.563,2.72,3.66,3700,0.01,1090,0.035,0.29,0.00375,1e-04,18,19,17.49,7.21515923453504,4.30872370258272,1.90042754824858,2.04895401106185,5.39990812539024,2.39200728491045,0.231703313673252,0.709947606303207,3.13312508420616,3.1466699258213,0.248657957147912,0.819635224645,1.21593226454994
"84","23-SC-50-2","GxE","PI563450",2023,"SC","2",1.54,0.3,0.436,0.409,0.000684,410,0.0947,0.00542,0.0127,2.02,27.6,5190,0.101,2080,28.8,0.437,5.62,4.5,3600,0.00811,1180,0.035,0.375,0.00217,1e-04,16,22.45,9.89,22.0167178903724,10.595267570381,8.81843276976637,4.71413507544948,13.8710724131451,11.4134818495103,0.296970083863048,0.535290398292167,3.27294056544679,3.23568885410141,0.244624359134415,0.889009721741795,0.860081962368396
"85","23-SC-50-3","GxE","PI563450",2023,"SC","3",2.48,0.308,1.11,0.22,0.000705,320,0.0658,0.00466,0.00896,2.09,33.7,4220,0.0411,1830,27.5,0.573,7.4,2.31,3360,0.00745,1080,0.035,0.215,0.0222,1e-04,18.9,22.35,15.76,13.3203383442873,6.29312989081539,6.34032527306913,2.70087714737482,4.75557521770841,5.11699908766582,0.122255969420468,0.506908510423302,1.889193175819,2.01764060489158,0.16941401879911,0.746650583212607,0.608295024727223
"86","23-SC-53-1","GxE","PI563453",2023,"SC","1",1.11,0.349,0.1,0.072,0.000875,396,0.0478,0.00268,0.023,4.19,39.1,5160,0.0501,2320,23.2,0.739,3.46,1.42,4440,0.00962,1460,0.035,0.278,0.0294,0.000499,28.8,26.05,NA,4.16992633590464,6.02049026393702,8.8909414227231,0.742582459135,4.00180068407866,4.6683090412759,0.133889915026241,0.445201185414887,1.66174202956925,1.31265881173866,0.183698292053629,0.924840605907706,0.739582503876628
"87","23-SC-53-2","GxE","PI563453",2023,"SC","2",5.79,0.163,0.1,0.12,0.000948,205,0.0286,0.00319,0.00746,2.91,35.1,5180,0.0161,2370,18.9,0.606,5.38,3.32,4400,0.0333,1280,0.035,0.212,0.0138,1e-04,27,29.5,16.39,8.4841168149375,9.76823616850376,12.6347581630542,1.13753050847773,3.30950727791523,4.1951263407242,0.10012035543249,0.335194143742499,0.847007387215477,0.830076501383172,0.133075782764388,0.72948769473425,0.620611333431389
"88","23-SC-53-3","GxE","PI563453",2023,"SC","3",5.21,0.375,0.396,0.167,0.000687,548,0.0433,0.00649,0.00716,3.6,39.2,5140,0.0945,2520,26.9,0.91,2.23,5.17,4420,0.0082,1570,0.035,0.418,0.00306,1e-04,23.3,22.07,14.81,8.04421278434171,6.52483581746937,7.37388550460725,1.52491827620907,8.36817592642361,8.36863564587641,0.283150174880353,0.473917808084766,3.20627834957125,2.83725440293575,0.297552434340512,0.966942304378145,0.845821025722945
"89","23-SC-54-1","GxE","PI563454",2023,"SC","1",5.45,0.349,0.255,0.145,0.000614,577,0.058,0.0491,0.0328,3.52,35.8,4360,0.148,2320,26.5,0.919,7.89,1.43,4280,0.0125,1440,0.035,0.459,0.00439,0.000538,25.3,26.25,16.85,8.85452934334941,11.1412922225243,13.1375200251794,1.6156686432551,8.59609242614723,5.50980085094985,0.202134080519989,0.456170108146015,1.92888137535082,1.04848571883996,0.179984588970477,1.26496754778433,1.20638961869647
"90","23-SC-54-2","GxE","PI563454",2023,"SC","2",0.0556,0.23,0.222,0.113,0.000699,169,0.0556,0.00317,0.0891,3.26,35.1,4230,0.0365,2470,29.2,0.425,2.78,1.81,4350,0.00906,1520,0.035,0.185,0.0107,1e-04,23.9,26.95,9.82,7.45682451079594,5.7025612125517,6.05368943953678,0.973759404318383,4.62788990923143,2.93737542425228,0.357635624809843,0.326465844445105,2.0288646350017,1.21305174868577,0.213838529723516,1.36110412979106,1.18326013090239
"91","23-SC-54-3_TR","GxE","PI563454",2023,"SC","1_2",4.2,0.213,0.1,0.145,0.000677,755,0.0544,0.0124,0.0333,2.86,36.9,3740,0.138,2520,28.5,0.554,4.19,2.1,4170,0.0103,1370,0.035,0.471,0.00394,0.000205,25.8,27.45,4.62,17.2729926366546,6.12341383552337,13.5162644443628,2.42379531023938,6.81020097021373,7.99948857895493,0.357769151147708,0.350807089602977,2.78039389184597,1.47960418573551,NA,NA,0.653364241309189
"92","23-SC-55-1","GxE","PI563455",2023,"SC","1",2.85,0.091,0.1,0.256,0.000978,347,0.00965,0.00631,0.0217,1.96,32.7,5380,0.0738,2090,12.6,0.557,6.31,0.487,3780,0.00963,1290,0.035,0.312,0.00616,1e-04,19,21.05,5.59,14.1474386762461,10.8795151330821,3.64599441601814,1.82257483228222,5.17481230274472,1.4015786789501,0.136715861130121,0.322067985942637,1.18911831994455,0.961040061383852,0.138991586049304,0.932307519078245,1.6050142416348
"93","23-SC-55-2","GxE","PI563455",2023,"SC","2",8.13,0.533,0.1,0.345,0.000787,472,0.0263,0.00612,0.021,2.34,22.4,5190,0.102,2450,24.3,0.371,8.05,0.731,4330,0.00688,1200,0.035,0.416,0.0037,1e-04,22.9,16.4,13.15,11.0316655709049,14.2795739842546,17.7908802720037,0.54275040781224,1.32659769355127,2.1641782528877,0.0603711019291566,0.122998291673131,0.232254424224077,0.304113430561012,NA,NA,0.490074863372368
"94","23-SC-55-3","GxE","PI563455",2023,"SC","3",1.35,0.3,0.1,0.193,0.000557,363,0.0172,0.00577,0.0138,2.01,26.1,5260,0.0289,1970,16.6,0.571,4.21,2.12,3720,0.00385,1090,0.035,0.316,0.0179,1e-04,21.6,16.75,8.13,12.9425091753893,18.6010107628301,16.9302790657633,1.53745807133695,8.1135116938011,6.15134176402386,0.135351616084494,0.296978362252291,1.09046650706935,0.908334372417877,0.142121183285047,0.90974266479359,1.05523773118492
"95","23-SC-68-1","GxE","PI563068",2023,"SC","1",3.58,0.217,0.567,0.32,0.000482,903,0.0118,0.00472,0.0307,4.13,33.1,6030,0.181,2700,13.4,1.01,4.17,2.5,4330,0.00801,1210,0.035,0.601,0.00703,0.000176,26.7,14,14.77,NA,NA,NA,NA,NA,NA,0.265110261036786,0.797812972965459,2.45936259586341,2.03008454209816,0.19743432617112,0.900553393768615,NA
"96","23-SC-68-2_TR","GxE","PI563068",2023,"SC","1",2.64,0.238,0.1,0.278,0.00102,473,0.011,0.00439,0.0407,4.59,33.1,6640,0.106,2890,14.5,1,2.57,2.45,4790,0.00419,1340,0.035,0.39,0.00304,0.000464,27.1,14.85,15.26,7.46659773107845,15.515444295174,14.3764194239001,3.30340974083022,23.303217458908,17.6662489736152,0.426692043455862,1.10606258024332,3.75484211337672,3.07208778011964,0.262888827482202,0.941566597357927,1.11128262868937
"97","23-SC-68-3_TR","GxE","PI563068",2023,"SC","1",3.38,0.224,0.1,0.399,0.000772,890,0.0138,0.0106,0.02,4.79,33.8,5750,0.174,3040,15.4,1.11,4.41,2.17,4930,0.00721,1530,0.035,0.691,0.00701,0.000417,33.2,14.15,17.13,11.1752038489088,18.389150787294,10.1252981839528,4.373047643683,23.7894742572186,10.8678241831696,0.360905130650552,0.97829258929134,3.23417249284508,2.68333435364738,0.229488552139015,0.923919536195575,1.56089983089448
"98","23-SC-69-1","GxE","PI585369",2023,"SC","1",1.21,0.221,0.317,0.207,0.00066,844,0.0236,0.00328,0.0151,3.46,34.7,5600,0.0538,2110,14.3,0.908,3.58,3.07,3940,0.00675,1160,0.035,0.437,0.0572,0.000725,34,23.85,15.56,30.2702053918464,21.4745639387661,37.9250376667617,2.8473392316231,5.53306444194717,5.4923533668342,0.0871623525411606,0.235160217346102,0.644141652622666,0.362053257210593,0.123487066601467,1.01471271825136,0.663461437771781
"99","23-SC-69-2","GxE","PI585369",2023,"SC","2",0.742,0.306,0.362,0.281,0.00101,616,0.0188,0.0101,0.027,2.44,29.8,5180,0.138,1980,16,0.361,3.46,4.69,3750,0.00894,1060,0.035,0.477,0.00229,1e-04,27.4,23.75,14.65,13.7626014718714,22.8685627193948,22.6569474737778,3.0106091369682,19.0280175665811,9.43652963991613,0.090329686650447,0.54688227787483,2.08015013886765,1.04124018149815,0.160011470702664,1.24159813397374,1.52870614746565
"100","23-SC-69-3","GxE","PI585369",2023,"SC","3",0.381,0.407,0.1,0.316,0.000681,738,0.027,0.0074,0.0545,2.26,35.7,5150,0.0291,2310,16.5,0.591,3.45,5.79,3780,0.00747,1040,0.035,0.567,0.0461,1e-04,28.6,20.3,16.52,15.2617683709889,32.0653184314488,32.8295920912658,2.94710548795498,24.1133160631358,12.0781728449578,0.148476268492629,0.482759503406751,1.88001532829673,0.919762634529591,0.135726459421497,1.3187020617302,1.6048498755804
"101","23-SC-77-1","GxE","PI533877",2023,"SC","1",3.47,0.267,0.1,0.607,0.00109,512,0.0189,0.00602,0.0309,5.23,35.6,4370,0.0615,2140,21.9,0.657,4.8,5.93,4110,0.0165,1180,0.035,0.55,0.049,0.000757,32.3,26.8,14.8,20.1218686538999,12.1677459444369,8.24348782441849,3.1458130922467,13.2399161876956,3.91361744406138,0.0594732238493064,0.390845048533427,2.72028941271346,1.18688155044902,0.137293705667508,1.62083365953509,1.87549351461141
"102","23-SC-77-2","GxE","PI533877",2023,"SC","2",2.38,0.398,0.1,0.31,0.000696,179,0.0187,0.00589,0.0278,4.41,35.5,4660,0.0402,2180,22.1,0.651,2.76,5.82,4090,0.00804,1220,0.035,0.279,0.0023,0.000167,29,29.65,16.33,4.23150071362246,4.18756473614722,4.9214113268535,0.666927091263764,4.55832946549995,2.41852916878731,0.0677589296296016,0.394025155848803,2.72134865531288,1.22857500021929,0.150848968514104,1.57270233821879,1.47735993684918
"103","23-SC-77-3","GxE","PI533877",2023,"SC","3",0.385,0.354,0.1,0.413,0.000805,708,0.0172,0.00422,0.0324,5.85,36.9,5560,0.0687,2430,26.4,0.915,2.82,6.41,4720,0.00675,1380,0.035,0.668,0.0545,1e-04,35.2,21.05,12.33,9.82598441579147,16.0457310411575,18.9375206697849,2.00393483900007,20.6062264084089,10.0275658616846,0.122047513990245,0.509855998697575,3.21054652411188,1.3237696259896,0.128896531186379,1.6981179183777,1.71268962376707
"104","23-TX-09-1","GxE","PI563409",2023,"TX","1",3.97,0.00927,1.41,0.236,0.000901,503,0.0106,0.0194,0.0119,2.34,31.3,5290,0.0801,2080,12.7,1.77,4.81,2.66,3710,0.00374,890,0.127,4.54,0.0534,1e-04,30.4,28,16.44,12.3134546579763,21.6065918104557,19.197279330808,1.88356402217099,10.9783377189138,3.12028770413337,0.0699707190132362,0.382419896464815,1.27025328835078,0.40634504118585,NA,NA,2.19397742367197
"105","23-TX-09-2","GxE","PI563409",2023,"TX","2",4.87,0.011,0.598,0.224,0.000437,379,0.0132,0.0212,0.0215,1.78,32.2,4890,0.0676,2000,10.9,1.78,12.7,2.88,3620,0.00595,910,0.0731,3.53,0.0327,0.000214,28.5,24.2,19.81,17.5385551775121,25.2677845133381,23.0149681079937,2.37809747250038,10.083832692886,3.22528791560457,0.0331148847839788,0.338981382507147,0.997696561758612,0.350346772203906,0.13057558845295,1.2572347121684,1.7995964929152
"106","23-TX-09-3","GxE","PI563409",2023,"TX","3",3.97,0.0102,0.412,0.248,0.00101,797,0.0093,0.0177,0.0352,1.98,29.3,4550,0.184,1890,10.8,1.46,6.86,2.6,3260,0.00434,1010,0.111,3.73,0.00964,1e-04,25.8,27.7,16.25,4.8273330299278,8.44972155940869,7.66823287961599,0.537919375167761,2.70387897318946,0.928475616399552,0.052150101468271,0.278580000505893,0.799990554179481,0.302701949385126,0.137432029803211,1.18564641807898,1.84389539567337
"107","23-TX-12-1","GxE","PI569812",2023,"TX","1",5.48,0.00862,1.62,0.269,0.000623,476,0.0168,0.0455,0.0174,6.4,50.7,4260,0.0499,2850,21.1,2.51,2.45,8.48,4200,0.00435,1230,0.364,6.33,0.0365,0.000338,44.3,23.2,16.73,10.8709745562807,9.61288030444672,12.3325427265648,1.25728276200154,3.47892475007439,3.3069605684325,0.0396600377117942,0.289137545923872,0.904756077235537,0.67037281802989,0.12408799013807,0.871555508903343,0.762212813431128
"108","23-TX-12-2","GxE","PI569812",2023,"TX","2",5.6,0.00894,1.74,0.229,0.000744,288,0.02,0.0637,0.0108,7.6,49.9,4920,0.0296,2980,22.7,2.54,2.87,8.22,4610,0.0053,1350,0.158,5.95,0.0216,0.00026,53.5,24.15,9.88,9.42260316914236,10.9752031165765,13.3601345122367,1.41345874125973,5.52103208427491,4.94211261328624,0.0781303785150353,0.375018112268751,1.25761501305068,0.924787210929591,NA,NA,0.868691699972162
"109","23-TX-12-3","GxE","PI569812",2023,"TX","3",7.93,0.00863,2.66,0.25,0.000355,301,0.0178,0.0623,0.0309,5.69,53.6,5100,0.0973,3140,24.7,2.74,8.75,7.83,5000,0.00539,1390,0.035,6.7,0.0128,0.000314,71.7,21.9,11.14,9.9449020228,9.93965299236478,12.1849264097339,1.23202975207305,5.1980235917037,4.44121008756852,0.067402271527136,0.309713898952563,1.30739563938917,0.911209870750771,NA,NA,0.916235473667568
"110","23-TX-26-1","GxE","PI576426",2023,"TX","1",4.53,0.0069,1.41,0.222,0.000497,170,0.00544,0.0125,0.0695,2.64,29.5,4310,0.0214,2300,14,0.84,2,3.28,3940,0.00709,1190,0.128,3.94,0.0104,0.000241,30.6,31.8,18.73,14.7473164031851,5.62437452962441,9.34171039019129,1.07252453583169,3.05089947105755,1.31943387522681,0.160368062959065,0.181816899174967,1.3561061123277,0.353102863425365,NA,NA,1.27548182148679
"111","23-TX-26-2","GxE","PI576426",2023,"TX","2",3.95,0.0178,1.36,0.226,0.00111,558,0.00648,0.0128,0.0231,3.18,31.2,4260,0.0826,2320,12.8,0.721,4.49,3.2,3840,0.00391,984,0.216,3.16,0.0531,1e-04,34.3,32.65,11.07,20.485771792583,22.049234886947,28.4995337578934,1.07211117932538,3.70990829037726,1.42516759733119,0.0386236930889515,0.130836073712578,0.420639118477248,0.125016746715766,0.116435476031233,1.23362140559814,1.48558035452662
"112","23-TX-26-3","GxE","PI576426",2023,"TX","3",3.89,0.014,1.33,0.147,0.000679,726,0.00665,0.0124,0.0222,2.79,30.2,4500,0.21,2520,14.2,0.858,2.89,3.2,4430,0.00709,1130,0.223,3.11,0.00785,1e-04,31,32,15.01,6.91559163954357,7.29115149958311,9.53797384524286,0.573206011953509,1.5866443300423,0.583645869768497,0.0402101898122953,0.207215102420124,0.544030778311567,0.152979521447208,0.120874140358467,1.21446456633721,1.37151899487818
"113","23-TX-47-1","GxE","PI585347",2023,"TX","1",2.62,0.00216,0.936,0.156,0.000598,85.7,0.0548,0.0239,0.0222,3.87,29.8,4860,0.0397,2160,12.8,2.04,3.19,1.93,3790,0.0051,1120,0.219,3.52,0.0112,1e-04,25.3,26.25,14.22,15.3789136849523,24.5038205135032,18.5107910535784,0.94658734276128,3.38278559043781,4.88822415344241,0.117455378023182,0.153877471802102,0.345128384018083,0.660185745073473,0.113609081305686,0.498649968257303,0.579759190616313
"114","23-TX-47-2","GxE","PI585347",2023,"TX","2",8.17,0.00578,2.02,0.298,0.000962,374,0.0539,0.0279,0.0156,4.53,31.2,5160,0.0969,2400,15.8,2.38,6.8,2.69,3810,0.00637,1270,0.195,5.5,0.0171,0.000335,31.4,24.15,13.3,5.54113316342617,8.7824087236966,6.47441928285282,0.437450536342862,1.71890371145973,2.48920402781457,0.156499864920455,0.197365107208676,0.489303039046053,0.961168839654511,0.156141155909456,0.491226237269202,0.587327159313927
"115","23-TX-47-3","GxE","PI585347",2023,"TX","3",9.77,0.00906,1.7,0.181,0.00073,336,0.0697,0.0229,0.0177,5.51,29.3,5270,0.0995,2290,13.8,2.22,9.49,2.13,3870,0.0146,1090,0.272,4.66,0.00893,0.00851,30.1,25.05,NA,5.40117522602919,31.1177429712645,10.796749604928,1.00427410126973,12.9928452728591,5.13826298276893,0.0435454503617296,0.46484054823382,1.04384541038671,1.1897708038963,0.168404888004064,0.596478976330131,2.11522455543996
"116","23-TX-48-1","GxE","PI585348",2023,"TX","1",4.99,0.00735,1.33,0.218,0.00127,726,0.0166,0.02,0.0298,2.66,25.9,4110,0.223,1700,13.5,1.76,3.61,3.62,2820,0.0039,1070,0.408,4.29,0.00836,1e-04,24.8,24.9,19.2,17.0024894126935,12.995453950296,12.9454238641294,1.14457887107569,3.64929646193842,1.5484517581624,0.140037472126765,0.168295777649651,0.702033279463718,0.299034580561903,NA,NA,1.35508910382162
"117","23-TX-48-2_TR","GxE","PI585348",2023,"TX","1",7.04,0.00762,0.479,0.198,0.00086,717,0.0123,0.0262,0.0461,2,23.5,3750,0.176,1660,12.3,1.57,3.78,3.28,2640,0.00435,1060,0.303,3.88,0.0103,0.000208,22.6,26.05,19.53,22.1990949719435,18.1009393274412,27.9859349926014,1.44116766324034,2.65349387752227,1.93112726950004,0.13036062762136,0.162300272270307,0.366485659876715,0.172508732512472,0.116557838649251,1.10075938170433,0.786851070397333
"118","23-TX-48-3_TR","GxE","PI585348",2023,"TX","1",13.6,0.00933,0.506,0.18,0.00129,860,0.012,0.0176,0.0784,1.94,23.2,3930,0.267,1640,12.3,1.55,3.66,3.18,2750,0.0012,1020,0.312,3.75,0.0134,0.00053,21.2,25.3,19.49,18.4077931081826,11.0682616311756,13.2158006548454,1.11870509696186,3.68152167452317,1.80090833581784,0.124047558101833,0.151933625392685,0.831549207364588,0.340673331652738,NA,NA,1.26096202777711
"119","23-TX-50-1","GxE","PI563450",2023,"TX","1",3.55,5e-04,1.04,0.278,0.000442,895,0.0907,0.0137,0.0101,3.61,34.2,5370,0.163,2370,19.8,1.42,3.69,2.9,3650,0.00293,1040,0.245,4.18,0.00841,1e-04,19,26.8,15.47,9.42820247362437,20.2353340317922,18.67094315429,1.72508391322071,8.2086510331727,11.4108213777171,0.0826524411935147,0.457426513178592,1.0141481999106,1.52788497123875,0.151359258816739,0.513322253593451,0.624901813111859
"120","23-TX-50-2","GxE","PI563450",2023,"TX","2",2.51,5e-04,1.48,0.211,0.000839,420,0.0388,0.00723,0.0264,2.87,29.8,5120,0.0591,2170,17.3,1.31,4.05,2.37,3700,0.00368,1120,0.517,2.87,0.0377,1e-04,20.9,28.5,9.12,14.4973158968238,8.44907996206821,4.62858889940347,2.09086959823483,6.2368956060669,5.10983496305728,0.302048464254863,0.36056150205931,1.84543631793852,2.75993130634038,0.281495280348098,0.631244062639805,0.866150743025031
"121","23-TX-50-3","GxE","PI563450",2023,"TX","3",5.11,0.00329,0.83,0.245,0.000835,753,0.0727,0.0187,0.0283,2.88,29.5,5710,0.171,2280,17.8,1.59,3.27,2.63,3840,0.00445,1160,0.264,4.01,0.00851,1e-04,22.6,27.45,15.76,17.271354012387,21.2498219290649,22.722150929597,2.93522250009704,8.2497079449193,13.2085831855473,0.0776327458664058,0.424868614526674,0.970562008996837,1.4532716583999,0.152393943648675,0.516216248072468,0.511013828186451
"122","23-TX-53-1","GxE","PI563453",2023,"TX","1",6.98,0.0188,1.4,0.235,0.000695,820,0.0182,0.0107,0.0317,5.06,52.9,4820,0.14,3260,22.9,2.23,4.37,10.5,5320,0.00647,1640,0.819,5.12,0.0139,0.000234,32.6,32.35,16.59,9.83084901477322,16.0036550685175,16.2958274460043,1.2426781993395,4.64022834296328,4.8244205210213,0.0569604501425012,0.31601497425911,0.724870087973149,0.740131260134973,NA,NA,0.764818335226846
"123","23-TX-53-2","GxE","PI563453",2023,"TX","2",2.92,0.00842,0.1,0.198,0.000993,328,0.0203,0.0142,0.0171,3.7,31.2,5090,0.0391,2180,16.1,2.04,3.02,4.56,3730,0.00427,1170,0.273,4.65,0.029,1e-04,28.9,35.1,18.76,12.7351282304145,17.117604291176,17.3377513930012,1.571499756319,4.32122316896471,3.7762849007722,0.0553805739806696,0.308497042174628,0.631108053361221,0.544517685017764,0.123115872146037,0.703275389386581,0.808039860624294
"124","23-TX-53-3","GxE","PI563453",2023,"TX","3",3.02,0.00234,0.1,0.151,0.00103,511,0.019,0.0134,0.0114,3.23,41.6,4470,0.0331,2570,19.5,2.15,4.29,5.51,4510,0.00609,1340,0.427,3.77,0.0442,0.000314,29,37.3,10.91,15.6821946061471,8.64752162931978,9.56824260311737,2.00650806333244,8.00705259968862,7.01976607724358,0.262395630038498,0.319870418924966,2.31484029266269,1.83413150366728,NA,NA,0.887082806813314
"125","23-TX-54-1","GxE","PI563454",2023,"TX","1",3.76,5e-04,0.331,0.172,0.000738,440,0.0306,0.0112,0.019,4,35.2,4100,0.0679,2090,17,2.19,3.15,5.03,3740,0.00679,1350,0.455,3.34,0.0437,0.000227,30,34.35,18.61,20.8241773933676,28.8798471456415,15.9533410395023,2.35568717053921,9.82294518823891,3.92903926684894,0.0528116605676815,0.282806749822623,0.850328703152552,0.61570790361721,NA,NA,1.56298691535748
"126","23-TX-54-2","GxE","PI563454",2023,"TX","2",2.14,5e-04,0.364,0.154,0.000902,255,0.0367,0.0121,0.0165,3.54,33.1,4180,0.051,2240,16.8,2.16,1.25,4.81,4060,0.00314,1350,0.465,3.28,0.0175,1e-04,26.1,37.2,11.59,21.8174848589677,9.17261863167255,13.296711793164,2.32085810594764,8.02056109371532,6.92052412008963,0.231192668374039,0.265940153155841,2.1860063673695,1.30117209196931,NA,NA,0.867896262435469
"127","23-TX-54-3","GxE","PI563454",2023,"TX","3",2.38,0.0133,0.389,0.228,0.000759,395,0.0797,0.0137,0.0257,4.03,35.1,4380,0.0613,2280,16.3,2.3,3.77,4.4,4280,0.0149,1280,0.349,3.03,0.0337,1e-04,26.6,35.45,13.94,7.11745526805726,10.5075043835165,10.8959104993891,1.12422129926309,5.4514409186911,2.95850594890914,0.0487052462047073,0.394881757918637,1.29703512835146,0.678811089049192,0.141530030565295,1.10740210658969,1.33524494469515
"128","23-TX-55-1","GxE","PI563455",2023,"TX","1",13.3,0.0191,1.32,0.321,0.00163,793,0.014,0.0187,0.0713,4.09,42.6,5640,0.229,2730,21.7,2.16,3.39,8.02,5290,0.00756,1490,0.746,4.78,0.0239,0.00025,39.5,29.35,12.28,10.0757049180104,13.748846132804,12.510329013168,1.29024657160954,4.42129455672441,3.55607327173156,0.0538919363552881,0.32013804049164,0.803939202246112,0.710627447924937,0.131189596433165,0.738265316608456,0.912299373471877
"129","23-TX-55-2","GxE","PI563455",2023,"TX","2",3.04,0.00624,1.6,0.208,0.00123,234,0.0155,0.0254,0.087,3.94,36.6,5440,0.0349,2400,20,2.04,3.01,7.77,4650,0.00551,1300,0.348,3.94,0.0146,1e-04,31.3,30.8,6.19,8.24157585491933,8.97055833488343,9.19638685159621,0.86121084941413,3.14449579307364,2.58407089838211,0.0538595546052895,0.261239738787359,0.876337814126288,0.702469062057125,NA,NA,0.912696267898846
"130","23-TX-55-3","GxE","PI563455",2023,"TX","3",4.6,0.00507,0.645,0.169,0.000703,456,0.0161,0.0166,0.024,3.64,31.5,5080,0.141,2140,16.7,1.93,2.61,8.48,3760,0.00379,1200,0.375,3.56,0.0131,0.00077,28.7,31.05,NA,6.02753393790612,9.05661223704894,8.12540304991018,0.701312223585673,2.59379737809482,2.24534153121358,0.052554966582871,0.29087858766553,0.715995482141785,0.69084004738645,0.121556586568404,0.696608093487212,0.880251836127766
"131","23-TX-68-1","GxE","PI563068",2023,"TX","1",4.21,0.00993,0.493,0.173,0.000673,603,0.00819,0.0336,0.0148,4.1,41.1,5410,0.153,2810,16.7,1.27,6,5.72,4570,0.00443,1110,0.307,4.84,0.00848,1e-04,32.6,23.3,11.49,5.73207559097639,20.3118385967427,12.8570036025577,1.52712536780836,9.52210065992108,5.60967152140662,0.0489838136948226,0.666043801922467,1.17198901204445,1.09078127665195,0.143500378441797,0.642507219608779,1.33422609718805
"132","23-TX-68-2","GxE","PI563068",2023,"TX","2",2.91,0.00738,0.409,0.233,0.000558,365,0.0121,0.0197,0.0477,3.37,35,5830,0.0305,2620,16.6,1.69,3.36,4.72,4140,0.00312,1110,0.282,4.66,0.0224,0.000552,32.9,20.3,15.63,16.0837430150473,7.68447086171281,8.40117357776651,2.34996423036935,5.9129641585159,5.11865098081472,0.317974801152941,0.365270109726763,1.92367316661213,1.52319522190361,NA,NA,0.791708233898752
"133","23-TX-68-3","GxE","PI563068",2023,"TX","3",4.58,0.0085,0.873,0.281,0.000773,180,0.0216,0.0425,0.0451,3.77,39.9,5100,0.0408,2680,17.8,2.62,1.94,7.6,4650,0.00384,1270,0.251,5.18,0.0139,1e-04,36.9,26.25,12.1,17.6758765721337,9.98602620212858,12.0625336043073,2.63317974142097,9.24160228158715,8.66789843115478,0.0838400158398004,0.372425623515077,2.3136335952176,1.79645062875922,NA,NA,0.817762884254148
"134","23-TX-69-1","GxE","PI585369",2023,"TX","1",3.73,0.0132,1.12,0.269,0.000937,310,0.0128,0.0148,0.0288,4.21,38.5,4600,0.0222,2620,14.7,1.85,2.51,13.5,4530,0.00453,1380,0.798,5.37,0.0125,0.000283,34.7,27.65,5.52,13.567098895609,13.8845238785995,19.3068278582458,2.25891872692192,5.69953640376297,4.9952543201734,0.0901852389265143,0.416249403115397,1.02623907985563,0.646824837934208,NA,NA,0.785690714401298
"135","23-TX-69-2","GxE","PI585369",2023,"TX","2",5.85,0.013,0.509,0.182,0.00106,521,0.00997,0.0125,0.041,3.98,33.6,4760,0.127,2420,13.3,1.78,5.66,13.2,4410,0.00263,1410,0.526,5.01,0.00972,0.000449,33,23.15,14.54,21.965306768641,17.298889022097,10.466832858813,2.96544407501738,5.72250538746033,2.08426559554473,0.0694905582263552,0.337514529873426,0.827004754488945,0.497826234463509,0.103818282251128,0.954572408126441,1.13323453441697
"136","23-TX-69-3","GxE","PI585369",2023,"TX","3",3.03,0.00247,1.18,0.284,0.00129,301,0.0194,0.00874,0.036,4.62,38.2,4610,0.0138,2630,14.7,2.02,2.64,10.7,4620,0.00458,1300,0.461,5.6,0.0118,1e-04,40.4,25.95,2.33,9.14885336557265,14.0396904661077,13.9180419740376,1.23547375654947,4.62266848031439,3.04292874916473,0.0738688653017904,0.337603442524991,0.823142876880668,0.546579891561065,0.13826985896202,0.877313258231744,1.0804660090163
"137","23-TX-77-1","GxE","PI533877",2023,"TX","1",4.37,0.00995,0.524,0.329,0.00085,745,0.0169,0.0223,0.0364,4.89,38.5,5030,0.166,2350,18.6,2.17,3.99,4.34,4340,0.0243,1260,0.287,4.51,0.0109,0.000405,34.4,29.05,15.28,13.9202104057233,22.0014458490795,20.5919785679112,1.44342092819331,12.0743435176848,7.80094284709893,0.0456466288567444,0.259231162123786,1.37199432261289,0.947085150338011,0.131043338584317,1.06002970133032,1.306130287728
"138","23-TX-77-2","GxE","PI533877",2023,"TX","2",5.2,0.0112,1.8,0.432,0.000907,144,0.0236,0.0218,0.0103,4.81,35.3,5350,0.0427,2440,20.5,2.47,5.58,4.42,4610,0.00671,1150,0.159,5.57,0.0141,0.000346,32.3,29.75,16.18,13.3915288375742,8.32257054032797,9.57704195744864,1.44229935659223,10.8486520892842,4.22067608978819,0.0750338531862811,0.269255918066914,3.25880448736235,1.10176923849266,NA,NA,1.9157158974119
"139","23-TX-77-3","GxE","PI533877",2023,"TX","3",35.2,0.0197,0.83,0.256,0.00124,570,0.0153,0.0217,0.111,3.85,65.8,4540,0.171,2140,16.2,2.15,2.63,4.78,3760,0.00523,1150,0.136,3.85,0.0156,0.000247,32.5,35.25,17.12,8.70884133632223,13.8428246329949,13.3244628640394,1.05272819372785,9.29132095012766,5.28068959940385,0.0433342684203536,0.302200991232096,1.67800308037953,0.990788456781919,0.111060752769432,1.22597991712789,1.46703111236459
